CLASS,CLASS_CODE,COMM_CODE,NAME,SECTOR,SRG,COMM_STRUCTURE,CNSS_YR,FOIP_IND,RES_CNT,DWELL_CNT,PRSCH_CHLD,OWNSHP_CNT,PUB_SCH,SEP_SCH,PUBSEP_SCH,OTHER_SCH,UNKNWN_SCH,SING_FAMLY,DUPLEX,MULTI_PLEX,APARTMENT,TOWN_HOUSE,MANUF_HOME,CONV_STRUC,COMUNL_HSE,RES_COMM,OTHER_RES,NURSING_HM,OTHER_INST,HOTEL_CNT,OTHER_MISC,MALE_CNT,FEMALE_CNT,MALE_0_4,MALE_5_14,MALE_15_19,MALE_20_24,MALE_25_34,MALE_35_44,MALE_45_54,MALE_55_64,MALE_65_74,MALE_75,FEM_0_4,FEM_5_14,FEM_15_19,FEM_20_24,FEM_25_34,FEM_35_44,FEM_45_54,FEM_55_64,FEM_65_74,FEM_75,MF_0_4,MF_5_14,MF_15_19,MF_20_24,MF_25_34,MF_35_44,MF_45_54,MF_55_64,MF_65_74,MF_75,OTHER_CNT,OTHER_0_4,OTHER_5_14,OTHER_15_19,OTHER_20_24,OTHER_25_34,OTHER_35_44,OTHER_45_54,OTHER_55_64,OTHER_65_74,OTHER_75
Residential,1,LEG,LEGACY,SOUTH,DEVELOPING,BUILDING OUT,2019,,6420,2766,850,1826,1071,506,175,107,907,1081,356,14,1004,311,0,0,0,0,0,0,0,0,0,3125,3283,330,387,171,212,708,604,369,196,111,37,356,375,153,206,810,600,355,250,141,37,686,762,324,418,1518,1204,724,446,252,74,0,0,0,0,0,0,0,0,0,0,0
Residential,1,HPK,HIGHLAND PARK,CENTRE,BUILT-OUT,1950s,2019,,3838,2277,325,645,786,190,107,84,1104,823,402,45,520,24,0,460,0,2,1,0,0,0,0,1986,1846,142,167,52,119,364,456,264,243,117,62,140,155,39,98,413,342,221,216,112,110,282,322,91,217,777,798,485,459,229,172,0,0,0,0,0,0,0,0,0,0,0
Residential,1,CNS,CORNERSTONE,NORTHEAST,DEVELOPING,2000s,2019,,2648,1285,199,708,262,42,14,27,940,595,264,69,219,128,0,10,0,0,0,0,0,0,0,1409,1225,136,201,63,74,275,339,137,122,54,8,81,131,65,51,332,254,124,123,64,0,217,332,128,125,607,593,261,245,118,8,0,0,0,0,0,0,0,0,0,0,0
Residential,1,MON,MONTGOMERY,NORTHWEST,BUILT-OUT,1950s,2019,,4515,2013,328,1027,938,157,90,38,790,987,539,10,132,111,0,221,0,5,1,2,0,5,0,2216,2291,150,200,92,154,497,388,263,245,141,86,137,186,77,163,506,398,267,278,144,135,287,386,169,317,1003,786,530,523,285,221,0,0,0,0,0,0,0,0,0,0,0
Residential,1,TEM,TEMPLE,NORTHEAST,BUILT-OUT,1960s/1970s,2019,,10977,3733,908,2460,1932,610,229,234,727,2304,609,1,117,424,0,277,0,0,1,0,0,0,0,5597,5357,353,813,354,369,817,870,683,712,473,153,320,767,332,333,799,857,620,702,468,159,673,1580,686,702,1616,1727,1303,1414,941,312,0,0,0,0,0,0,0,0,0,0,0
Residual Sub Area,4,01F,01F,NORTHWEST,BUILT-OUT,2000s,2019,Y,0,0,0,0,0,0,0,0,0,0,0,0,0,0,0,0,0,0,0,0,0,0,0,0,0,0,0,0,0,0,0,0,0,0,0,0,0,0,0,0,0,0,0,0,0,0,0,0,0,0,0,0,0,0,0,0,0,0,0,0,0,0,0,0,0,0
Residential,1,WBN,WOODBINE,SOUTH,BUILT-OUT,1980s/1990s,2019,,8866,3372,557,2959,2060,648,240,105,319,2930,82,0,0,342,0,18,0,0,0,0,0,0,0,4471,4373,231,563,239,262,499,551,582,737,598,209,205,495,200,204,470,582,632,848,543,194,436,1058,439,466,969,1133,1214,1593,1141,403,8,0,0,0,0,0,0,0,8,0,0
Residential,1,UNI,UNIVERSITY HEIGHTS,NORTHWEST,BUILT-OUT,1960s/1970s,2019,,2921,1378,135,378,913,80,51,38,296,429,43,0,874,12,0,19,0,0,1,0,0,0,0,1488,1427,77,119,58,295,370,183,109,118,88,71,60,129,52,252,321,167,139,127,103,77,137,248,110,547,691,350,248,245,191,148,0,0,0,0,0,0,0,0,0,0,0
Residential,1,BNK,BANKVIEW,CENTRE,BUILT-OUT,INNER CITY,2019,,5256,3531,165,826,1370,172,240,50,1699,483,115,50,2443,244,0,195,0,0,1,0,0,0,0,2686,2553,84,116,44,185,902,638,335,235,117,30,83,110,43,211,966,534,269,183,109,45,167,226,87,396,1868,1172,604,418,226,75,0,0,0,0,0,0,0,0,0,0,0
Residential,1,ALB,ALBERT PARK/RADISSON HEIGHTS,EAST,BUILT-OUT,1950s,2019,,6997,3010,767,819,1271,357,293,56,1026,909,474,27,794,346,0,457,1,0,1,0,1,0,0,3627,3360,286,412,163,219,736,653,465,405,172,116,291,369,151,199,698,567,420,330,192,143,577,781,314,418,1434,1220,885,735,364,259,0,0,0,0,0,0,0,0,0,0,0
Residual Sub Area,4,13B,13B,SOUTH,N/A,UNDEVELOPED,2019,Y,0,0,0,0,0,0,0,0,0,0,0,0,0,0,0,0,0,0,0,0,0,0,0,0,0,0,0,0,0,0,0,0,0,0,0,0,0,0,0,0,0,0,0,0,0,0,0,0,0,0,0,0,0,0,0,0,0,0,0,0,0,0,0,0,0,0
Industrial,2,GPI,GREAT PLAINS,EAST,N/A,EMPLOYMENT,2019,,0,0,0,0,0,0,0,0,0,0,0,0,0,0,0,0,0,0,0,0,0,0,0,0,0,0,0,0,0,0,0,0,0,0,0,0,0,0,0,0,0,0,0,0,0,0,0,0,0,0,0,0,0,0,0,0,0,0,0,0,0,0,0,0,0,0
Residual Sub Area,4,13D,13D,SOUTH,N/A,UNDEVELOPED,2019,Y,0,0,0,0,0,0,0,0,0,0,0,0,0,0,0,0,0,0,0,0,0,0,0,0,0,0,0,0,0,0,0,0,0,0,0,0,0,0,0,0,0,0,0,0,0,0,0,0,0,0,0,0,0,0,0,0,0,0,0,0,0,0,0,0,0,0
Residential,1,KEL,KELVIN GROVE,SOUTH,BUILT-OUT,1960s/1970s,2019,,2305,903,121,426,416,129,39,34,285,354,16,0,505,26,0,0,0,0,0,2,0,0,0,1037,1265,58,118,39,47,109,174,120,153,118,101,58,114,42,51,121,179,105,237,164,194,116,232,81,98,230,353,225,390,282,295,0,0,0,0,0,0,0,0,0,0,0
Industrial,2,ST2,STONEY 2,NORTHEAST,N/A,EMPLOYMENT,2019,,0,7,0,0,0,0,0,0,0,0,0,0,0,0,0,0,0,0,0,0,0,7,0,0,0,0,0,0,0,0,0,0,0,0,0,0,0,0,0,0,0,0,0,0,0,0,0,0,0,0,0,0,0,0,0,0,0,0,0,0,0,0,0,0,0,0
Residential,1,WSP,WEST SPRINGS,WEST,DEVELOPING,BUILDING OUT,2019,,10758,3856,987,2960,1743,694,348,287,783,2605,186,34,395,634,0,1,0,0,1,0,0,0,0,5274,5444,375,1194,381,229,435,911,1029,431,202,87,342,1181,411,182,470,1146,997,394,237,84,723,2387,792,411,905,2057,2034,825,439,171,26,6,12,0,0,0,0,8,0,0,0
Residential,1,BYV,BAYVIEW,SOUTH,BUILT-OUT,1960s/1970s,2019,,751,248,34,236,169,43,10,12,14,212,0,0,0,36,0,0,0,0,0,0,0,0,0,359,392,8,51,26,21,23,43,46,57,57,27,6,45,45,24,17,56,49,63,52,35,14,96,71,45,40,99,95,120,109,62,0,0,0,0,0,0,0,0,0,0,0
Residential,1,SHG,SHAGANAPPI,CENTRE,BUILT-OUT,1950s,2019,,1626,855,63,338,379,75,24,33,344,367,127,8,228,38,0,84,0,0,0,0,0,3,0,817,800,41,71,27,72,228,142,85,94,38,19,43,61,29,63,222,146,100,71,40,25,84,132,56,135,450,288,185,165,78,44,0,0,0,0,0,0,0,0,0,0,0
Residential,1,WLD,WILDWOOD,WEST,BUILT-OUT,1950s,2019,,2709,1111,172,881,708,112,63,39,188,1026,18,0,48,0,0,18,0,0,1,0,0,0,0,1318,1376,76,203,62,64,107,228,181,217,104,76,94,174,63,53,129,236,191,224,103,109,170,377,125,117,236,464,372,441,207,185,0,0,0,0,0,0,0,0,0,0,0
Residential,1,EYA,ELBOYA,CENTRE,BUILT-OUT,1950s,2019,,1754,771,90,383,387,47,38,23,271,471,11,0,249,20,0,18,0,0,0,1,0,1,0,893,859,53,111,52,52,109,158,132,120,74,32,47,126,56,40,95,145,121,106,80,43,100,237,108,92,204,303,253,226,154,75,0,0,0,0,0,0,0,0,0,0,0
Residential,1,BRI,BRIDLEWOOD,SOUTH,BUILT-OUT,2000s,2019,,12641,4218,1231,3192,1802,974,361,255,826,2864,305,3,792,205,0,49,0,0,0,0,0,0,0,6209,6399,453,1007,466,307,789,1219,1006,564,283,115,465,1040,422,320,832,1314,947,578,339,142,918,2054,888,627,1621,2533,1953,1142,622,257,7,0,7,0,0,0,0,0,0,0,0
Residential,1,LKB,LAKE BONAVISTA,SOUTH,BUILT-OUT,1960s/1970s,2019,,10293,4108,600,3516,2402,846,264,125,471,3272,0,0,829,1,0,3,0,0,1,1,0,1,0,5130,5138,223,677,310,269,382,674,683,785,609,518,230,595,249,203,358,712,653,835,721,582,453,1272,559,472,747,1386,1336,1620,1330,1100,7,0,0,0,0,7,0,0,0,0,0
Residential,1,SNA,SUNALTA,CENTRE,BUILT-OUT,INNER CITY,2019,,3239,2165,71,451,861,99,95,132,978,238,13,4,1684,88,0,133,0,4,0,0,0,1,0,1692,1532,50,64,24,55,495,600,255,98,41,10,43,62,17,72,564,458,201,71,32,12,93,126,41,127,1066,1058,456,169,73,22,7,0,0,0,0,7,0,0,0,0,0
Residential,1,BOW,BOWNESS,NORTHWEST,BUILT-OUT,1950s,2019,,11150,5398,850,2523,2961,512,343,131,1450,2370,903,77,670,905,0,456,4,2,0,1,0,10,0,5547,5566,303,552,248,299,988,918,753,780,461,245,344,548,188,314,969,870,660,750,516,407,647,1100,436,613,1964,1794,1413,1536,977,652,19,0,0,0,0,7,6,0,6,0,0
Residential,1,GAW,GARRISON WOODS,CENTRE,BUILT-OUT,INNER CITY,2019,,3116,1427,142,1025,771,164,147,96,248,426,212,0,469,304,0,10,0,0,4,1,1,0,0,1386,1716,68,184,85,45,158,207,252,160,112,115,88,219,78,39,186,236,281,194,153,242,156,403,163,84,344,443,533,354,265,357,0,0,0,0,0,0,0,0,0,0,0
Residential,1,ASP,ASPEN WOODS,WEST,DEVELOPING,BUILDING OUT,2019,,9446,3068,933,2455,1293,431,368,455,520,2202,13,1,341,507,0,3,0,0,0,1,0,0,0,4650,4767,327,960,343,194,441,860,841,443,147,94,347,870,323,194,524,1015,803,380,178,133,674,1836,666,388,965,1875,1644,823,325,227,6,0,6,0,0,0,0,0,0,0,0
Residential,1,RIC,RICHMOND,CENTRE,BUILT-OUT,1950s,2019,,4962,2503,411,1406,1133,196,161,88,925,1035,642,47,462,155,0,162,0,0,0,0,0,0,0,2525,2409,173,264,92,105,442,573,360,285,169,62,145,233,80,115,492,520,311,271,159,83,318,497,172,220,934,1099,677,556,328,145,12,0,0,0,0,0,6,6,0,0,0
Residential,1,RED,RED CARPET,EAST,BUILT-OUT,1960s/1970s,2019,,1594,908,63,616,417,128,32,13,314,0,0,0,400,0,508,0,0,0,0,0,0,0,0,826,763,54,50,17,28,111,117,144,157,98,50,40,39,15,30,99,86,127,160,102,65,94,89,32,58,210,203,271,317,200,115,0,0,0,0,0,0,0,0,0,0,0
Residential,1,SOM,SOMERSET,SOUTH,BUILT-OUT,1980s/1990s,2019,,8543,3161,608,2306,1639,538,216,345,422,2176,0,0,784,169,0,32,0,0,0,0,0,0,0,4214,4299,259,565,295,277,455,752,696,500,255,160,220,486,299,231,452,810,714,527,325,235,479,1051,603,508,907,1562,1410,1027,580,395,9,0,0,9,0,0,0,0,0,0,0
Residential,1,PEN,PENBROOKE MEADOWS,EAST,BUILT-OUT,1960s/1970s,2019,,8554,3281,791,1794,1696,550,201,57,761,1612,381,0,169,681,0,438,0,0,0,0,0,0,0,4486,4042,299,594,221,247,619,800,643,584,309,170,289,534,206,213,573,704,511,508,324,180,588,1134,427,460,1192,1504,1154,1092,633,350,6,0,6,0,0,0,0,0,0,0,0
Industrial,2,RYV,ROYAL VISTA,NORTHWEST,N/A,EMPLOYMENT,2019,,0,1,0,0,0,0,0,0,0,1,0,0,0,0,0,0,0,0,0,0,0,0,0,0,0,0,0,0,0,0,0,0,0,0,0,0,0,0,0,0,0,0,0,0,0,0,0,0,0,0,0,0,0,0,0,0,0,0,0,0,0,0,0,0,0,0
Residential,1,BNF,BANFF TRAIL,CENTRE,BUILT-OUT,1950s,2019,,4153,1949,193,649,962,119,129,32,703,997,286,11,120,14,0,513,0,0,1,0,0,7,0,2255,1845,85,167,88,439,651,299,197,166,105,58,84,146,89,298,423,261,186,162,114,82,169,313,177,768,1090,560,383,328,219,140,47,0,0,0,31,16,0,0,0,0,0
Residential,1,THO,THORNCLIFFE,NORTH,BUILT-OUT,1950s,2019,,8788,3831,669,2016,2052,564,255,117,835,2049,373,1,332,815,0,260,0,0,1,0,0,0,0,4436,4326,262,521,215,200,684,731,576,659,346,242,265,489,176,201,644,694,566,571,391,329,527,1010,391,401,1339,1425,1142,1230,737,571,11,0,0,0,0,11,0,0,0,0,0
Industrial,2,WES,WESTWINDS,NORTHEAST,N/A,EMPLOYMENT,2019,,0,0,0,0,0,0,0,0,0,0,0,0,0,0,0,0,0,0,0,0,0,0,0,0,0,0,0,0,0,0,0,0,0,0,0,0,0,0,0,0,0,0,0,0,0,0,0,0,0,0,0,0,0,0,0,0,0,0,0,0,0,0,0,0,0,0
Industrial,2,DBC,DEERFOOT BUSINESS CENTRE,NORTHEAST,N/A,EMPLOYMENT,2019,,0,0,0,0,0,0,0,0,0,0,0,0,0,0,0,0,0,0,0,0,0,0,0,0,0,0,0,0,0,0,0,0,0,0,0,0,0,0,0,0,0,0,0,0,0,0,0,0,0,0,0,0,0,0,0,0,0,0,0,0,0,0,0,0,0,0
Residential,1,CGR,COUGAR RIDGE,WEST,DEVELOPING,2000s,2019,,6997,2215,645,1929,1184,324,192,256,257,1915,92,0,0,206,0,2,0,0,0,0,0,0,0,3473,3506,270,788,246,137,343,651,620,267,111,40,227,692,235,144,389,761,628,272,123,35,497,1480,481,281,732,1412,1248,539,234,75,0,0,0,0,0,0,0,0,0,0,0
Residential,1,WHI,WHITEHORN,NORTHEAST,BUILT-OUT,1960s/1970s,2019,,12019,3937,966,2501,2289,428,202,125,891,2535,662,1,61,117,0,560,0,0,0,1,0,0,0,6216,5769,361,881,401,432,942,1002,786,665,511,235,295,753,394,365,823,922,673,678,542,324,656,1634,795,797,1765,1924,1459,1343,1053,559,0,0,0,0,0,0,0,0,0,0,0
Residential,1,WOO,WOODLANDS,SOUTH,BUILT-OUT,1980s/1990s,2019,,6002,2411,438,1666,1507,381,164,80,279,1531,149,0,163,551,0,16,0,0,0,0,1,0,0,2943,3044,170,404,195,155,367,349,354,410,401,138,173,375,132,139,367,387,390,511,403,167,343,779,327,294,734,736,744,921,804,305,0,0,0,0,0,0,0,0,0,0,0
Residential,1,MCT,MCKENZIE TOWNE,SOUTHEAST,DEVELOPING,BUILDING OUT,2019,,18283,7166,1895,5355,3655,1291,591,293,1336,3662,640,0,1496,1248,0,32,0,0,86,2,0,0,0,8995,9200,674,1393,482,366,1539,1861,1248,777,441,214,650,1361,407,393,1496,1869,1216,894,592,322,1330,2778,889,759,3050,3753,2473,1671,1033,536,77,6,24,0,0,15,23,9,0,0,0
Residential,1,POI,POINT MCKAY,CENTRE,BUILT-OUT,1960s/1970s,2019,,1343,846,29,605,506,88,63,20,169,0,24,0,312,510,0,0,0,0,0,0,0,0,0,617,723,19,23,10,21,112,83,69,120,99,61,27,24,8,21,119,95,79,138,129,83,46,47,18,42,231,178,148,258,228,144,0,0,0,0,0,0,0,0,0,0,0
Residential,1,MPK,MARLBOROUGH PARK,NORTHEAST,BUILT-OUT,1960s/1970s,2019,,8523,3143,708,2034,1694,589,167,87,605,2056,75,0,59,630,0,323,0,0,0,0,0,0,0,4387,4113,279,604,247,269,570,711,612,589,335,171,274,516,218,243,531,713,541,528,371,178,553,1120,465,512,1107,1424,1153,1117,706,349,6,0,0,0,0,6,0,0,0,0,0
Residential,1,SHN,SHAWNESSY,SOUTH,BUILT-OUT,1980s/1990s,2019,,9368,3323,649,2506,1718,731,217,74,583,2681,56,0,257,264,0,63,0,0,0,2,0,0,0,4686,4648,255,537,303,345,559,779,638,727,349,194,248,454,259,299,527,782,695,718,423,243,503,999,568,644,1086,1567,1333,1445,772,437,20,0,8,6,0,0,6,0,0,0,0
Residual Sub Area,4,10D,10D,NORTHEAST,N/A,OTHER,2019,Y,0,0,0,0,0,0,0,0,0,0,0,0,0,0,0,0,0,0,0,0,0,0,0,0,0,0,0,0,0,0,0,0,0,0,0,0,0,0,0,0,0,0,0,0,0,0,0,0,0,0,0,0,0,0,0,0,0,0,0,0,0,0,0,0,0,0
Residual Sub Area,4,12K,12K,SOUTHEAST,N/A,UNDEVELOPED,2019,Y,0,0,0,0,0,0,0,0,0,0,0,0,0,0,0,0,0,0,0,0,0,0,0,0,0,0,0,0,0,0,0,0,0,0,0,0,0,0,0,0,0,0,0,0,0,0,0,0,0,0,0,0,0,0,0,0,0,0,0,0,0,0,0,0,0,0
Residential,1,AUB,AUBURN BAY,SOUTHEAST,DEVELOPING,BUILDING OUT,2019,,17607,6046,2422,4342,2899,1335,655,277,879,3790,611,1,887,743,0,11,0,0,2,1,0,0,0,8722,8831,911,1762,409,287,1475,2055,1026,466,246,85,906,1583,399,306,1745,2046,868,517,331,130,1825,3345,808,593,3232,4109,1905,983,577,215,39,8,0,0,0,12,8,11,0,0,0
Residential,1,BLM,BELMONT,SOUTH,DEVELOPING,BUILDING OUT,2019,,86,229,0,28,12,10,0,0,204,114,0,0,0,115,0,0,0,0,0,0,0,0,0,29,24,6,0,0,0,13,10,0,0,0,0,0,0,0,0,16,8,0,0,0,0,6,0,0,0,29,18,0,0,0,0,0,0,0,0,0,0,0,0,0,0,0
Residual Sub Area,4,09O,09O,EAST,N/A,OTHER,2019,Y,0,0,0,0,0,0,0,0,0,0,0,0,0,0,0,0,0,0,0,0,0,0,0,0,0,0,0,0,0,0,0,0,0,0,0,0,0,0,0,0,0,0,0,0,0,0,0,0,0,0,0,0,0,0,0,0,0,0,0,0,0,0,0,0,0,0
Industrial,2,EFV,EAST FAIRVIEW INDUSTRIAL,SOUTH,N/A,EMPLOYMENT,2019,,0,2,0,0,0,0,0,0,0,0,0,0,0,0,0,0,0,0,0,0,0,2,0,0,0,0,0,0,0,0,0,0,0,0,0,0,0,0,0,0,0,0,0,0,0,0,0,0,0,0,0,0,0,0,0,0,0,0,0,0,0,0,0,0,0,0
Residential,1,ING,INGLEWOOD,CENTRE,BUILT-OUT,INNER CITY,2019,,4024,2387,243,1154,1151,177,166,41,852,840,140,4,912,331,0,136,1,18,3,0,0,2,0,1984,2010,106,133,56,66,421,416,299,292,137,58,105,133,45,77,483,379,270,309,138,71,211,266,101,143,915,801,569,601,275,129,17,0,0,0,0,11,6,0,0,0,0
Residual Sub Area,4,09Q,09Q,EAST,N/A,OTHER,2019,Y,0,0,0,0,0,0,0,0,0,0,0,0,0,0,0,0,0,0,0,0,0,0,0,0,0,0,0,0,0,0,0,0,0,0,0,0,0,0,0,0,0,0,0,0,0,0,0,0,0,0,0,0,0,0,0,0,0,0,0,0,0,0,0,0,0,0
Residential,1,ABB,ABBEYDALE,NORTHEAST,BUILT-OUT,2000s,2019,,5957,2069,482,1356,1011,442,137,73,406,1418,290,0,0,230,0,130,0,0,0,0,0,1,0,3056,2895,191,527,193,185,407,503,399,397,187,67,175,419,168,148,428,501,393,395,204,64,366,946,361,333,835,1004,792,792,391,131,0,0,0,0,0,0,0,0,0,0,0
Residual Sub Area,4,09K,09K,EAST,N/A,UNDEVELOPED,2019,Y,0,0,0,0,0,0,0,0,0,0,0,0,0,0,0,0,0,0,0,0,0,0,0,0,0,0,0,0,0,0,0,0,0,0,0,0,0,0,0,0,0,0,0,0,0,0,0,0,0,0,0,0,0,0,0,0,0,0,0,0,0,0,0,0,0,0
Residential,1,UOC,UNIVERSITY OF CALGARY,NORTHWEST,BUILT-OUT,OTHER,2019,,2367,9,0,0,0,0,0,0,0,0,0,0,0,0,0,0,0,0,0,0,0,9,0,1131,1232,0,0,0,611,367,153,0,0,0,0,0,0,0,732,375,125,0,0,0,0,0,0,0,1343,742,278,0,0,0,0,0,0,0,0,0,0,0,0,0,0,0
Residential,1,DIA,DIAMOND COVE,SOUTH,BUILT-OUT,1980s/1990s,2019,,690,271,6,256,166,51,23,0,28,271,0,0,0,0,0,0,0,0,0,0,0,0,0,357,333,14,45,17,12,16,37,47,80,70,19,9,33,16,11,18,41,54,76,59,16,23,78,33,23,34,78,101,156,129,35,0,0,0,0,0,0,0,0,0,0,0
Residential,1,EDG,EDGEMONT,NORTHWEST,BUILT-OUT,1980s/1990s,2019,,15395,5437,756,4501,3649,736,352,104,594,4403,258,0,291,453,0,31,0,0,0,1,0,0,0,7548,7652,293,1034,498,490,625,837,1060,1298,975,438,280,882,470,451,626,916,1140,1370,986,531,573,1937,983,960,1300,1786,2232,2678,1973,969,191,0,21,15,19,49,33,32,10,12,0
Major Park,3,NPK,NOSE HILL PARK,NORTHWEST,N/A,PARKS,2019,,0,0,0,0,0,0,0,0,0,0,0,0,0,0,0,0,0,0,0,0,0,0,0,0,0,0,0,0,0,0,0,0,0,0,0,0,0,0,0,0,0,0,0,0,0,0,0,0,0,0,0,0,0,0,0,0,0,0,0,0,0,0,0,0,0,0
Residential,1,ARB,ARBOUR LAKE,NORTHWEST,BUILT-OUT,0,2019,,10619,3937,553,3193,2163,841,319,118,496,2682,174,0,683,61,308,28,0,0,0,1,0,0,0,5168,5422,216,575,426,373,516,610,840,726,497,389,225,541,397,342,496,678,908,756,581,498,441,1116,823,715,1012,1288,1748,1489,1078,887,7,0,0,0,0,0,0,0,7,0,0
Residential,1,MID,MIDNAPORE,SOUTH,BUILT-OUT,1960s/1970s,2019,,7270,2898,442,1778,1515,563,184,117,519,1341,445,0,664,419,0,23,0,0,1,4,0,1,0,3459,3796,191,415,198,168,442,485,355,499,451,255,158,375,151,153,449,453,411,627,578,441,349,790,349,321,891,938,766,1126,1029,696,0,0,0,0,0,0,0,0,0,0,0
Residential,1,PAL,PALLISER,SOUTH,BUILT-OUT,1960s/1970s,2019,,3672,1840,327,1014,1116,269,113,33,309,468,184,156,710,319,0,3,0,0,0,0,0,0,0,1702,1961,90,219,74,92,180,252,211,159,189,236,87,189,70,91,218,277,204,241,256,328,177,408,144,183,398,529,415,400,445,564,0,0,0,0,0,0,0,0,0,0,0
Residential,1,COL,COLLINGWOOD,NORTHWEST,BUILT-OUT,1950s,2019,,2249,988,83,692,530,216,52,24,166,733,96,0,122,5,0,30,0,0,2,0,0,0,0,1121,1122,55,123,48,88,131,163,151,176,107,79,40,151,53,59,125,159,139,189,113,94,95,274,101,147,256,322,290,365,220,173,0,0,0,0,0,0,0,0,0,0,0
Residential,1,SPR,SPRUCE CLIFF,WEST,BUILT-OUT,1950s,2019,,4673,2431,391,841,1033,213,165,71,948,317,127,0,1765,141,0,79,0,0,1,1,0,0,0,2187,2480,164,216,87,112,424,366,272,254,178,114,165,218,79,142,459,371,287,320,240,199,329,434,166,254,883,737,559,574,418,313,0,0,0,0,0,0,0,0,0,0,0
Industrial,2,MCI,MCCALL,NORTHEAST,N/A,EMPLOYMENT,2019,,0,0,0,0,0,0,0,0,0,0,0,0,0,0,0,0,0,0,0,0,0,0,0,0,0,0,0,0,0,0,0,0,0,0,0,0,0,0,0,0,0,0,0,0,0,0,0,0,0,0,0,0,0,0,0,0,0,0,0,0,0,0,0,0,0,0
Residential,1,TAR,TARADALE,NORTHEAST,DEVELOPING,2000s,2019,,19026,5272,1742,3135,2456,664,219,211,1721,3310,212,0,390,438,0,921,0,0,1,0,0,0,0,9914,9088,716,1832,679,794,1586,1736,1189,798,436,148,613,1460,593,601,1525,1794,1089,831,435,147,1329,3298,1272,1395,3117,3530,2278,1629,871,295,12,0,6,0,0,6,0,0,0,0,0
Industrial,2,GTI,GOLDEN TRIANGLE,EAST,N/A,EMPLOYMENT,2019,,0,1,0,0,0,0,0,0,0,0,0,0,0,0,0,0,0,0,1,0,0,0,0,0,0,0,0,0,0,0,0,0,0,0,0,0,0,0,0,0,0,0,0,0,0,0,0,0,0,0,0,0,0,0,0,0,0,0,0,0,0,0,0,0,0,0
Residential,1,BRD,BRIDGELAND/RIVERSIDE,CENTRE,BUILT-OUT,INNER CITY,2019,,6835,3988,485,1364,1943,339,174,67,1465,869,118,45,2490,226,0,222,0,11,1,4,0,2,0,3273,3549,217,226,45,114,832,617,376,358,274,214,200,206,53,162,903,599,311,344,408,363,417,432,98,276,1741,1216,687,702,682,577,6,0,0,0,0,6,0,0,0,0,0
Industrial,2,BUR,BURNS INDUSTRIAL,CENTRE,N/A,EMPLOYMENT,2019,,0,2,0,0,0,0,0,0,0,0,0,0,0,0,0,0,0,1,0,0,0,1,0,0,0,0,0,0,0,0,0,0,0,0,0,0,0,0,0,0,0,0,0,0,0,0,0,0,0,0,0,0,0,0,0,0,0,0,0,0,0,0,0,0,0,0
Residential,1,KIL,KILLARNEY/GLENGARRY,CENTRE,BUILT-OUT,1950s,2019,,7685,3927,672,1952,1819,337,232,106,1431,1315,867,70,543,740,0,388,0,0,3,0,0,1,0,3803,3857,266,354,112,188,864,826,495,389,204,105,286,335,131,191,944,789,443,396,205,137,552,689,243,379,1808,1615,938,793,409,242,8,0,0,0,0,0,0,0,8,0,0
Residential,1,HAW,HAWKWOOD,NORTHWEST,BUILT-OUT,1980s/1990s,2019,,9248,3334,434,2962,2120,583,229,100,302,3067,0,0,138,119,0,10,0,0,0,0,0,0,0,4596,4632,187,515,294,326,466,537,612,830,602,227,152,525,271,283,415,521,707,937,527,294,339,1040,565,609,881,1058,1319,1767,1129,521,0,0,0,0,0,0,0,0,0,0,0
Industrial,2,HIF,HIGHFIELD,CENTRE,N/A,EMPLOYMENT,2019,,0,0,0,0,0,0,0,0,0,0,0,0,0,0,0,0,0,0,0,0,0,0,0,0,0,0,0,0,0,0,0,0,0,0,0,0,0,0,0,0,0,0,0,0,0,0,0,0,0,0,0,0,0,0,0,0,0,0,0,0,0,0,0,0,0,0
Residential,1,GRE,GREENWOOD/GREENBRIAR,NORTHWEST,BUILT-OUT,1960s/1970s,2019,,896,521,14,417,332,68,35,9,77,0,0,0,0,27,494,0,0,0,0,0,0,0,0,445,447,12,26,16,18,43,49,62,102,80,37,15,26,21,16,35,48,64,103,87,32,27,52,37,34,78,97,126,205,167,69,0,0,0,0,0,0,0,0,0,0,0
Residential,1,CRE,CRESCENT HEIGHTS,CENTRE,BUILT-OUT,INNER CITY,2019,,6620,3882,356,1225,1836,325,501,93,1127,1119,103,25,2208,267,0,149,0,8,1,1,0,1,0,3312,3282,148,198,78,160,992,709,357,348,187,135,146,180,77,224,942,590,359,336,224,204,294,378,155,384,1942,1299,716,684,411,339,8,0,0,0,0,8,0,0,0,0,0
Residential,1,ROC,ROCKY RIDGE,NORTHWEST,DEVELOPING,BUILDING OUT,2019,,8398,3181,494,2442,1693,505,211,135,636,1872,247,0,490,568,0,3,0,0,0,1,0,0,0,4072,4312,226,587,302,228,465,608,679,459,289,229,182,599,258,205,496,733,692,484,381,282,408,1186,560,433,961,1341,1371,943,670,511,0,0,0,0,0,0,0,0,0,0,0
Residential,1,HUN,HUNTINGTON HILLS,NORTH,BUILT-OUT,1960s/1970s,2019,,13420,5634,1009,3077,2828,902,429,135,1331,2953,556,9,527,1203,126,258,0,0,0,0,0,2,0,6629,6743,375,806,316,395,986,982,916,866,545,442,384,736,336,329,936,980,879,934,665,564,766,1549,652,724,1930,1969,1802,1800,1210,1006,36,7,7,0,0,8,7,7,0,0,0
Residential,1,SHW,SHERWOOD,NORTH,DEVELOPING,2000s,2019,,6246,2079,556,1356,1075,237,184,95,487,1349,1,0,480,221,2,26,0,0,0,0,0,0,0,3086,3147,207,476,208,233,516,529,473,275,117,52,206,455,237,212,521,620,438,261,140,57,413,931,445,445,1037,1149,911,536,257,109,0,0,0,0,0,0,0,0,0,0,0
Residential,1,RSN,REDSTONE,NORTHEAST,DEVELOPING,BUILDING OUT,2019,,5848,1828,629,1373,877,206,77,74,593,1040,274,2,0,486,0,25,0,0,0,1,0,0,0,2941,2883,283,469,198,142,505,651,279,213,179,22,228,392,169,130,593,617,264,235,230,25,511,861,367,272,1098,1268,543,448,409,47,0,0,0,0,0,0,0,0,0,0,0
Residential,1,FAL,FALCONRIDGE,NORTHEAST,BUILT-OUT,1980s/1990s,2019,,10653,3565,1123,1813,1630,568,219,97,1048,1862,544,1,212,597,0,347,2,0,0,0,0,0,0,5493,5147,437,897,365,381,853,956,662,556,306,80,410,822,306,313,926,858,588,526,303,95,847,1719,671,694,1779,1814,1250,1082,609,175,0,0,0,0,0,0,0,0,0,0,0
Residual Sub Area,4,13F,13F,SOUTH,N/A,UNDEVELOPED,2019,Y,0,0,0,0,0,0,0,0,0,0,0,0,0,0,0,0,0,0,0,0,0,0,0,0,0,0,0,0,0,0,0,0,0,0,0,0,0,0,0,0,0,0,0,0,0,0,0,0,0,0,0,0,0,0,0,0,0,0,0,0,0,0,0,0,0,0
Residential,1,SSD,SUNNYSIDE,CENTRE,BUILT-OUT,INNER CITY,2019,,4230,2626,132,780,1422,163,192,48,801,493,44,17,1810,188,0,72,0,2,0,0,0,0,0,2057,2140,75,101,39,163,697,416,209,196,127,34,64,122,46,219,745,396,200,193,106,49,139,223,85,388,1458,812,409,389,233,83,22,0,0,0,6,16,0,0,0,0,0
Residential,1,MPL,MAPLE RIDGE,SOUTH,BUILT-OUT,1960s/1970s,2019,,1916,819,72,728,534,108,61,17,99,808,0,0,0,0,0,11,0,0,0,0,0,0,0,955,957,42,70,60,35,96,121,149,171,106,105,34,111,33,39,86,124,129,177,107,117,76,181,93,74,182,245,278,348,213,222,0,0,0,0,0,0,0,0,0,0,0
Industrial,2,MER,MERIDIAN,NORTHEAST,N/A,EMPLOYMENT,2019,,0,0,0,0,0,0,0,0,0,0,0,0,0,0,0,0,0,0,0,0,0,0,0,0,0,0,0,0,0,0,0,0,0,0,0,0,0,0,0,0,0,0,0,0,0,0,0,0,0,0,0,0,0,0,0,0,0,0,0,0,0,0,0,0,0,0
Residential,1,RMT,ROSEMONT,CENTRE,BUILT-OUT,1950s,2019,,1254,569,26,314,270,70,29,11,189,309,173,0,19,0,0,68,0,0,0,0,0,0,0,628,623,20,71,12,38,142,99,77,92,46,31,21,79,15,44,109,86,81,88,44,56,41,150,27,82,251,185,158,180,90,87,0,0,0,0,0,0,0,0,0,0,0
Residential,1,STR,STRATHCONA PARK,WEST,BUILT-OUT,1980s/1990s,2019,,6855,2446,457,2146,1482,406,184,137,236,1943,224,0,0,273,0,6,0,0,0,0,0,0,0,3351,3491,191,457,232,215,305,435,470,533,340,173,184,533,214,180,299,475,510,586,350,160,375,990,446,395,604,910,980,1119,690,333,0,0,0,0,0,0,0,0,0,0,0
Residential,1,SOW,SOUTHWOOD,SOUTH,BUILT-OUT,1960s/1970s,2019,,6246,2673,414,1404,1470,486,201,81,434,1377,291,32,334,521,0,117,0,0,0,0,0,1,0,3114,3113,176,348,190,218,494,479,457,400,181,171,175,295,160,207,511,500,437,391,229,208,351,643,350,425,1005,979,894,791,410,379,0,0,0,0,0,0,0,0,0,0,0
Residual Sub Area,4,01I,01I,WEST,N/A,UNDEVELOPED,2019,Y,0,0,0,0,0,0,0,0,0,0,0,0,0,0,0,0,0,0,0,0,0,0,0,0,0,0,0,0,0,0,0,0,0,0,0,0,0,0,0,0,0,0,0,0,0,0,0,0,0,0,0,0,0,0,0,0,0,0,0,0,0,0,0,0,0,0
Residential,1,SKR,SKYVIEW RANCH,NORTHEAST,DEVELOPING,2000s,2019,,11707,4175,1369,2636,1626,630,210,134,1571,1439,230,16,1965,464,0,59,0,0,0,2,0,0,0,5731,5737,531,832,245,313,1317,1185,564,405,228,111,490,737,229,300,1425,1179,478,465,280,154,1021,1620,474,622,2812,2451,1053,870,508,265,228,0,51,0,9,70,87,11,0,0,0
Residual Sub Area,4,12B,12B,SOUTHEAST,N/A,UNDEVELOPED,2019,Y,0,0,0,0,0,0,0,0,0,0,0,0,0,0,0,0,0,0,0,0,0,0,0,0,0,0,0,0,0,0,0,0,0,0,0,0,0,0,0,0,0,0,0,0,0,0,0,0,0,0,0,0,0,0,0,0,0,0,0,0,0,0,0,0,0,0
Residential,1,BRT,BRITANNIA,CENTRE,BUILT-OUT,1950s,2019,,690,313,0,226,171,20,21,24,77,256,0,0,57,0,0,0,0,0,0,0,0,0,0,340,345,0,39,28,23,25,25,48,79,53,20,8,35,23,20,24,30,55,72,56,22,8,74,51,43,49,55,103,151,109,42,0,0,0,0,0,0,0,0,0,0,0
Residential,1,NEB,NEW BRIGHTON,SOUTHEAST,DEVELOPING,BUILDING OUT,2019,,13103,4320,1711,3537,2213,909,340,152,705,3264,144,0,204,693,0,15,0,0,0,0,0,0,0,6592,6491,700,1216,308,260,1225,1502,802,369,159,51,590,1189,312,251,1363,1488,693,376,186,43,1290,2405,620,511,2588,2997,1495,745,345,94,7,0,0,0,0,0,7,0,0,0,0
Residential,1,DNW,DOWNTOWN WEST END,CENTRE,BUILT-OUT,CENTRE CITY,2019,,2785,2061,147,561,765,127,147,32,990,3,0,0,2055,0,0,0,0,0,1,0,0,2,0,1452,1326,75,50,26,57,466,293,157,158,111,59,76,78,18,79,423,217,142,153,95,45,151,128,44,136,889,510,299,311,206,104,0,0,0,0,0,0,0,0,0,0,0
Residential,1,CAS,CASTLERIDGE,NORTHEAST,BUILT-OUT,1980s/1990s,2019,,6127,1979,469,1201,1005,253,75,168,478,1458,227,0,119,0,0,175,0,0,0,0,0,0,0,3117,2928,171,484,217,248,499,540,379,317,202,60,186,413,176,235,455,537,336,305,201,84,357,909,393,483,972,1101,726,622,403,144,65,0,12,0,0,18,24,11,0,0,0
Major Park,3,COP,CANADA OLYMPIC PARK,WEST,N/A,OTHER,2019,,0,0,0,0,0,0,0,0,0,0,0,0,0,0,0,0,0,0,0,0,0,0,0,0,0,0,0,0,0,0,0,0,0,0,0,0,0,0,0,0,0,0,0,0,0,0,0,0,0,0,0,0,0,0,0,0,0,0,0,0,0,0,0,0,0,0
Industrial,2,ESH,EAST SHEPARD INDUSTRIAL,SOUTHEAST,N/A,EMPLOYMENT,2019,,0,1,0,0,0,0,0,0,0,1,0,0,0,0,0,0,0,0,0,0,0,0,0,0,0,0,0,0,0,0,0,0,0,0,0,0,0,0,0,0,0,0,0,0,0,0,0,0,0,0,0,0,0,0,0,0,0,0,0,0,0,0,0,0,0,0
Residential,1,WHL,WEST HILLHURST,CENTRE,BUILT-OUT,INNER CITY,2019,,6447,3086,517,1631,1647,255,235,125,822,1510,613,29,520,192,0,214,0,7,0,0,0,1,0,3188,3233,208,418,142,171,508,563,463,372,236,107,222,364,110,168,514,594,478,392,257,134,430,782,252,339,1028,1157,941,764,493,241,6,0,0,0,0,6,0,0,0,0,0
Residential,1,CIT,CITADEL,NORTHWEST,BUILT-OUT,1980s/1990s,2019,,10077,3488,729,2925,1905,795,290,99,398,2821,0,0,224,431,0,11,0,0,0,0,0,1,0,4970,5074,305,689,386,315,581,778,849,644,309,114,241,699,374,276,601,851,920,671,307,134,546,1395,767,591,1182,1635,1769,1315,616,248,20,0,7,7,0,0,6,0,0,0,0
Industrial,2,SRI,SADDLE RIDGE INDUSTRIAL,NORTHEAST,N/A,EMPLOYMENT,2019,,25,15,0,0,0,0,0,0,12,15,0,0,0,0,0,0,0,0,0,0,0,0,0,0,0,0,0,0,0,0,0,0,0,0,0,0,0,0,0,0,0,0,0,0,0,0,0,0,0,0,0,0,0,0,0,0,0,0,0,0,0,0,0,0,0,0
Residential,1,DOV,DOVER,EAST,BUILT-OUT,1960s/1970s,2019,,10351,4866,786,2669,2377,703,271,138,1369,2080,790,0,1149,549,0,298,0,0,0,0,0,0,0,5354,4975,286,616,237,265,777,869,712,792,538,262,299,500,213,257,692,778,652,704,568,312,585,1116,450,522,1469,1647,1364,1496,1106,574,0,0,0,0,0,0,0,0,0,0,0
Residential,1,SCA,SCARBORO,CENTRE,BUILT-OUT,INNER CITY,2019,,931,339,54,278,223,19,19,19,59,329,0,0,0,0,0,9,0,0,1,0,0,0,0,481,448,29,91,27,19,36,65,80,73,41,20,21,73,28,16,39,59,79,78,36,19,50,164,55,35,75,124,159,151,77,39,0,0,0,0,0,0,0,0,0,0,0
Residential,1,RCK,ROSSCARROCK,WEST,BUILT-OUT,1950s,2019,,3625,1715,209,439,814,225,70,103,503,424,511,9,385,102,0,283,0,0,1,0,0,0,0,1775,1844,107,208,87,125,357,344,223,192,87,45,120,160,94,153,412,337,220,186,93,69,227,368,181,278,769,681,443,378,180,114,0,0,0,0,0,0,0,0,0,0,0
Residential,1,SAD,SADDLE RIDGE,NORTHEAST,DEVELOPING,2000s,2019,,22321,6266,2244,4092,3333,708,221,228,1772,4035,334,2,720,410,1,764,0,0,0,0,0,0,0,11203,11078,816,1958,777,841,1998,1966,1332,814,509,192,802,1802,750,792,2033,2055,1153,871,624,196,1618,3767,1533,1633,4040,4021,2485,1685,1133,388,22,0,7,6,0,9,0,0,0,0,0
Residential,1,ERI,ERIN WOODS,EAST,BUILT-OUT,1980s/1990s,2019,,7049,2494,608,1692,1420,463,188,38,385,1846,50,0,119,271,97,111,0,0,0,0,0,0,0,3576,3456,253,553,223,208,483,566,535,502,195,58,231,497,204,179,509,611,484,467,198,76,484,1050,427,387,992,1177,1019,969,393,134,0,0,0,0,0,0,0,0,0,0,0
Residential,1,CED,CEDARBRAE,SOUTH,BUILT-OUT,1960s/1970s,2019,,6094,2624,429,1869,1580,492,190,49,311,1337,592,0,163,492,0,40,0,0,0,0,0,0,0,2983,3089,203,365,131,143,435,485,368,392,317,144,148,354,134,137,410,471,396,490,378,171,351,725,265,280,845,956,764,882,695,315,6,0,6,0,0,0,0,0,0,0,0
Residential,1,CUR,CURRIE BARRACKS,WEST,BUILT-OUT,BUILDING OUT,2019,,1262,617,39,388,250,62,37,48,220,161,8,2,279,113,0,4,0,0,50,0,0,0,0,595,665,37,84,18,25,97,136,84,67,29,18,37,67,33,48,135,135,94,65,39,12,74,151,51,73,232,271,178,132,68,30,0,0,0,0,0,0,0,0,0,0,0
Industrial,2,GRI,GREENVIEW INDUSTRIAL PARK,CENTRE,N/A,EMPLOYMENT,2019,,225,5,0,0,0,0,0,0,0,3,0,0,0,0,0,0,0,0,0,1,0,1,0,75,128,0,0,0,0,13,12,0,0,24,26,0,0,0,0,0,0,0,0,55,73,0,0,0,0,13,12,0,0,79,99,0,0,0,0,0,0,0,0,0,0,0
Residential,1,WIL,WILLOW PARK,SOUTH,BUILT-OUT,1960s/1970s,2019,,5328,2291,299,1712,1291,431,123,53,391,1587,0,16,229,439,0,18,0,0,0,0,0,2,0,2660,2636,139,258,130,151,304,326,390,394,297,271,123,281,117,104,297,352,392,385,303,282,262,548,247,255,601,678,791,779,600,553,18,0,9,0,0,0,0,9,0,0,0
Residential,1,LKV,LAKEVIEW,WEST,BUILT-OUT,1960s/1970s,2019,,5355,2342,342,1751,1489,326,132,95,300,1688,81,0,332,230,0,11,0,0,0,0,0,0,0,2610,2734,144,371,124,148,197,324,372,420,264,246,137,339,145,144,217,360,377,464,272,279,281,710,269,292,414,684,749,884,536,525,0,0,0,0,0,0,0,0,0,0,0
Residential,1,SAN,SANDSTONE VALLEY,NORTH,BUILT-OUT,1980s/1990s,2019,,5904,2133,318,1725,1208,421,126,42,334,1678,44,0,0,385,0,26,0,0,0,0,0,0,0,2908,2972,124,331,137,165,348,409,349,548,346,151,128,319,146,163,296,340,430,624,341,185,252,650,283,328,644,749,779,1179,687,336,7,0,0,0,0,0,0,0,7,0,0
Residential,1,EAU,EAU CLAIRE,CENTRE,BUILT-OUT,CENTRE CITY,2019,,2030,1355,6,677,527,99,66,68,595,1,0,2,1309,42,0,0,0,0,0,0,0,1,0,1017,1009,19,13,12,13,80,120,303,249,139,69,16,14,13,19,105,109,293,226,128,86,35,27,25,32,185,229,596,475,267,155,0,0,0,0,0,0,0,0,0,0,0
Residential,1,EPK,ELBOW PARK,CENTRE,BUILT-OUT,INNER CITY,2019,,3342,1195,193,1034,783,79,70,112,151,1182,2,0,0,0,0,11,0,0,0,0,0,0,0,1677,1651,96,270,132,105,71,199,263,292,160,89,84,293,120,68,85,224,272,282,143,80,180,563,252,173,156,423,535,574,303,169,0,0,0,0,0,0,0,0,0,0,0
Residential,1,VAR,VARSITY,NORTHWEST,BUILT-OUT,1960s/1970s,2019,,12874,5888,661,3418,3555,741,477,144,969,2601,169,1,2137,894,0,84,0,0,1,1,0,0,0,6289,6557,255,648,304,660,977,739,672,730,653,651,230,570,281,554,894,788,690,832,732,986,485,1218,585,1214,1871,1527,1362,1562,1385,1637,0,0,0,0,0,0,0,0,0,0,0
Industrial,2,OSH,OGDEN SHOPS,EAST,N/A,EMPLOYMENT,2019,,0,0,0,0,0,0,0,0,0,0,0,0,0,0,0,0,0,0,0,0,0,0,0,0,0,0,0,0,0,0,0,0,0,0,0,0,0,0,0,0,0,0,0,0,0,0,0,0,0,0,0,0,0,0,0,0,0,0,0,0,0,0,0,0,0,0
Residential,1,RAM,RAMSAY,CENTRE,BUILT-OUT,INNER CITY,2019,,2158,1135,143,552,476,69,150,19,418,751,94,3,54,50,0,176,0,5,2,0,0,0,0,1123,1021,78,81,33,34,236,240,179,149,72,21,64,89,40,36,232,224,137,107,64,28,142,170,73,70,468,464,316,256,136,49,0,0,0,0,0,0,0,0,0,0,0
Residential,1,REN,RENFREW,CENTRE,BUILT-OUT,INNER CITY,2019,,6582,3479,491,1718,1715,439,285,61,979,1436,286,8,898,491,0,354,0,4,1,1,0,0,0,3235,3338,203,286,85,127,791,728,448,354,154,59,212,305,104,151,817,718,419,352,159,101,415,591,189,278,1608,1446,867,706,313,160,0,0,0,0,0,0,0,0,0,0,0
Residential,1,DNE,DOWNTOWN EAST VILLAGE,CENTRE,BUILT-OUT,CENTRE CITY,2019,,3893,2699,36,589,1081,193,231,32,1158,0,0,1,2680,14,0,0,1,0,0,0,0,3,0,2301,1574,43,16,22,184,698,467,207,263,285,116,41,24,29,135,515,225,160,171,185,89,84,40,51,319,1219,692,367,434,470,205,6,0,0,0,0,6,0,0,0,0,0
Residual Sub Area,4,09H,09H,EAST,N/A,OTHER,2019,Y,0,0,0,0,0,0,0,0,0,0,0,0,0,0,0,0,0,0,0,0,0,0,0,0,0,0,0,0,0,0,0,0,0,0,0,0,0,0,0,0,0,0,0,0,0,0,0,0,0,0,0,0,0,0,0,0,0,0,0,0,0,0,0,0,0,0
Residential,1,MRL,MARLBOROUGH,NORTHEAST,BUILT-OUT,1960s/1970s,2019,,9162,3312,795,1878,1529,625,199,79,879,2252,126,0,378,205,0,351,0,0,0,0,0,0,0,4806,4335,323,587,217,284,719,848,643,554,376,255,287,519,215,248,668,695,551,472,430,250,610,1106,432,532,1387,1543,1194,1026,806,505,0,0,0,0,0,0,0,0,0,0,0
Residential,1,CRM,CRESTMONT,WEST,BUILT-OUT,2000s,2019,,1690,673,122,493,273,96,45,41,215,615,42,0,0,16,0,0,0,0,0,0,0,0,0,848,838,76,127,59,26,68,168,168,103,42,11,54,147,44,33,72,197,157,89,33,12,130,274,103,59,140,365,325,192,75,23,0,0,0,0,0,0,0,0,0,0,0
Residential,1,RDL,ROSEDALE,CENTRE,BUILT-OUT,INNER CITY,2019,,1560,625,75,471,421,42,29,22,111,572,0,0,36,4,0,12,0,0,0,0,1,0,0,781,768,32,100,52,29,75,102,108,144,105,34,33,100,53,33,67,111,112,144,82,33,65,200,105,62,142,213,220,288,187,67,0,0,0,0,0,0,0,0,0,0,0
Residual Sub Area,4,02E,02E,NORTHWEST,N/A,OTHER,2019,Y,0,0,0,0,0,0,0,0,0,0,0,0,0,0,0,0,0,0,0,0,0,0,0,0,0,0,0,0,0,0,0,0,0,0,0,0,0,0,0,0,0,0,0,0,0,0,0,0,0,0,0,0,0,0,0,0,0,0,0,0,0,0,0,0,0,0
Residual Sub Area,4,06A,06A,WEST,N/A,UNDEVELOPED,2019,Y,0,0,0,0,0,0,0,0,0,0,0,0,0,0,0,0,0,0,0,0,0,0,0,0,0,0,0,0,0,0,0,0,0,0,0,0,0,0,0,0,0,0,0,0,0,0,0,0,0,0,0,0,0,0,0,0,0,0,0,0,0,0,0,0,0,0
Residential,1,OAK,OAKRIDGE,SOUTH,BUILT-OUT,1960s/1970s,2019,,5690,2298,404,1910,1506,303,156,39,293,1706,144,1,35,407,0,5,0,0,0,0,0,0,0,2803,2881,145,366,157,132,294,312,380,408,359,250,160,339,120,118,254,370,425,456,394,245,305,705,277,250,548,682,805,864,753,495,0,0,0,0,0,0,0,0,0,0,0
Residential,1,SVO,SILVERADO,SOUTH,DEVELOPING,BUILDING OUT,2019,,7655,2588,896,2012,1189,529,226,128,516,1839,143,1,138,463,0,4,0,0,0,0,0,0,0,3792,3811,344,640,205,205,583,749,556,336,125,49,329,603,199,163,655,790,546,335,140,51,673,1250,404,374,1245,1545,1108,680,265,100,41,0,7,0,6,7,6,6,9,0,0
Residential,1,VAL,VALLEY RIDGE,WEST,BUILT-OUT,2000s,2019,,5585,1940,404,1742,1040,342,187,121,249,1775,0,0,71,88,0,5,0,0,0,1,0,0,0,2756,2825,139,348,169,142,216,400,421,450,311,160,173,359,163,121,203,430,447,442,306,181,312,707,332,263,419,830,868,892,617,341,0,0,0,0,0,0,0,0,0,0,0
Residential,1,GBK,GLENBROOK,WEST,BUILT-OUT,1950s,2019,,7442,3337,587,1596,1562,452,265,225,833,891,750,2,762,720,0,208,0,0,1,1,0,2,0,3561,3864,233,484,174,227,681,592,438,385,216,131,233,430,195,230,677,670,456,452,245,276,466,914,369,457,1358,1262,894,837,461,407,0,0,0,0,0,0,0,0,0,0,0
Industrial,2,FHI,FOOTHILLS,EAST,N/A,EMPLOYMENT,2019,,317,1,0,0,0,0,0,0,0,0,0,0,0,0,0,0,0,0,0,0,0,1,0,262,12,0,0,0,40,44,44,46,48,40,0,0,0,0,0,0,12,0,0,0,0,0,0,0,40,44,56,46,48,40,0,0,0,0,0,0,0,0,0,0,0,0
Residential,1,NHV,NORTH HAVEN,NORTH,BUILT-OUT,1960s/1970s,2019,,2359,1011,122,645,646,130,75,29,131,605,204,1,72,86,0,43,0,0,0,0,0,0,0,1173,1181,67,152,55,67,173,151,133,161,107,107,62,138,37,48,160,157,129,180,124,146,129,290,92,115,333,308,262,341,231,253,0,0,0,0,0,0,0,0,0,0,0
Industrial,2,GBP,GLENDEER BUSINESS PARK,SOUTH,N/A,EMPLOYMENT,2019,,0,0,0,0,0,0,0,0,0,0,0,0,0,0,0,0,0,0,0,0,0,0,0,0,0,0,0,0,0,0,0,0,0,0,0,0,0,0,0,0,0,0,0,0,0,0,0,0,0,0,0,0,0,0,0,0,0,0,0,0,0,0,0,0,0,0
Residual Sub Area,4,13C,13C,SOUTH,N/A,UNDEVELOPED,2019,Y,0,0,0,0,0,0,0,0,0,0,0,0,0,0,0,0,0,0,0,0,0,0,0,0,0,0,0,0,0,0,0,0,0,0,0,0,0,0,0,0,0,0,0,0,0,0,0,0,0,0,0,0,0,0,0,0,0,0,0,0,0,0,0,0,0,0
Residential,1,WAL,WALDEN,SOUTH,DEVELOPING,BUILDING OUT,2019,,6228,2421,728,1744,1017,448,176,108,672,1254,380,0,317,450,0,19,0,0,0,1,0,0,0,2986,3208,272,453,140,117,630,608,384,182,111,89,283,417,144,130,709,614,334,206,148,223,555,876,284,247,1347,1222,724,388,259,312,20,0,6,0,0,8,0,6,0,0,0
Residential,1,HIL,HILLHURST,CENTRE,BUILT-OUT,INNER CITY,2019,,6558,3011,403,1371,1587,210,192,57,965,991,303,107,1352,113,0,133,1,3,3,1,0,4,0,3231,3302,173,282,86,391,720,589,405,337,189,59,182,237,81,311,830,609,432,354,189,77,355,519,167,702,1556,1198,837,691,378,136,6,0,0,0,0,6,0,0,0,0,0
Residential,1,RAN,RANCHLANDS,NORTHWEST,BUILT-OUT,1960s/1970s,2019,,7607,3076,608,1838,1697,498,228,99,552,1467,273,0,285,957,0,94,0,0,0,0,0,0,0,3783,3815,250,507,191,259,685,646,416,441,275,113,226,462,169,205,649,702,442,508,321,131,476,969,360,464,1334,1348,858,949,596,244,0,0,0,0,0,0,0,0,0,0,0
Residential,1,TUS,TUSCANY,NORTHWEST,BUILT-OUT,2000s,2019,,19884,6672,1756,5748,3828,1279,524,259,782,5612,109,6,523,403,0,19,0,0,0,0,0,0,0,9775,10061,647,1990,774,426,995,1680,1795,803,415,250,610,1851,760,410,1097,1931,1760,831,511,300,1257,3855,1534,836,2099,3611,3555,1634,926,550,21,0,14,0,0,7,0,0,0,0,0
Industrial,2,MNI,MANCHESTER INDUSTRIAL,CENTRE,N/A,EMPLOYMENT,2019,,0,3,0,0,0,0,0,0,0,0,0,0,0,0,0,0,0,0,0,0,0,3,0,0,0,0,0,0,0,0,0,0,0,0,0,0,0,0,0,0,0,0,0,0,0,0,0,0,0,0,0,0,0,0,0,0,0,0,0,0,0,0,0,0,0,0
Industrial,2,VAF,VALLEYFIELD,EAST,N/A,EMPLOYMENT,2019,,0,3,0,0,0,0,0,0,0,3,0,0,0,0,0,0,0,0,0,0,0,0,0,0,0,0,0,0,0,0,0,0,0,0,0,0,0,0,0,0,0,0,0,0,0,0,0,0,0,0,0,0,0,0,0,0,0,0,0,0,0,0,0,0,0,0
Residual Sub Area,4,09D,09D,CENTRE,N/A,OTHER,2019,Y,0,0,0,0,0,0,0,0,0,0,0,0,0,0,0,0,0,0,0,0,0,0,0,0,0,0,0,0,0,0,0,0,0,0,0,0,0,0,0,0,0,0,0,0,0,0,0,0,0,0,0,0,0,0,0,0,0,0,0,0,0,0,0,0,0,0
Residential,1,CAN,CANYON MEADOWS,SOUTH,BUILT-OUT,1960s/1970s,2019,,7624,3213,482,2379,1809,464,219,78,643,1958,152,0,333,711,0,59,0,0,0,0,0,0,0,3820,3786,190,415,198,229,576,586,486,558,380,202,189,358,198,204,488,573,534,592,426,224,379,773,396,433,1064,1159,1020,1150,806,426,0,0,0,0,0,0,0,0,0,0,0
Residential,1,SIG,SIGNAL HILL,WEST,BUILT-OUT,1980s/1990s,2019,,13395,5187,691,4588,2841,924,352,272,798,3405,413,0,971,387,0,9,0,0,0,2,0,0,0,6337,7009,246,770,442,406,481,662,940,1094,767,529,231,683,431,426,493,780,1055,1235,904,771,477,1453,873,832,974,1453,1995,2338,1680,1300,29,0,0,0,0,0,11,0,9,9,0
Industrial,2,FVI,FAIRVIEW INDUSTRIAL,SOUTH,N/A,EMPLOYMENT,2019,,0,1,0,0,0,0,0,0,0,0,0,0,0,0,0,0,0,0,0,0,0,1,0,0,0,0,0,0,0,0,0,0,0,0,0,0,0,0,0,0,0,0,0,0,0,0,0,0,0,0,0,0,0,0,0,0,0,0,0,0,0,0,0,0,0,0
Residential,1,DRN,DEER RUN,SOUTH,BUILT-OUT,1980s/1990s,2019,,5065,2111,311,1641,1362,319,133,53,244,1561,117,0,216,206,0,11,0,0,0,0,0,0,0,2557,2493,149,261,120,145,307,373,312,437,350,103,132,276,101,126,293,364,304,467,336,94,281,537,221,271,600,737,616,911,686,197,7,0,0,0,0,0,0,0,7,0,0
Residential,1,HAM,HAMPTONS,NORTHWEST,BUILT-OUT,2000s,2019,,7382,2484,207,2256,1577,351,168,82,306,2106,160,0,0,215,0,3,0,0,0,0,0,0,0,3636,3697,97,360,271,289,304,294,560,757,478,226,89,326,237,289,256,350,691,766,461,232,186,697,508,578,560,650,1260,1523,939,458,26,0,11,0,0,0,6,9,0,0,0
Residential,1,COU,COUNTRY HILLS,NORTH,BUILT-OUT,1980s/1990s,2019,,3767,1435,227,1121,689,387,127,52,180,979,0,0,200,244,0,12,0,0,0,0,0,0,0,1842,1915,86,230,127,116,222,286,295,244,156,80,107,209,104,122,215,303,316,250,183,106,193,439,231,238,437,589,611,494,339,186,0,0,0,0,0,0,0,0,0,0,0
Residential,1,BRE,BRENTWOOD,NORTHWEST,BUILT-OUT,1960s/1970s,2019,,7267,3332,470,1629,1768,345,178,42,996,1979,0,83,912,260,0,97,0,0,1,0,0,0,0,3646,3605,198,348,180,490,646,584,337,362,252,249,167,291,183,536,545,529,370,377,293,314,365,639,363,1026,1191,1113,707,739,545,563,0,0,0,0,0,0,0,0,0,0,0
Residential,1,CHK,CHINOOK PARK,SOUTH,BUILT-OUT,1950s,2019,,1662,588,55,464,382,68,57,19,62,490,0,0,96,0,0,1,0,0,0,1,0,0,0,805,850,41,92,56,53,55,97,100,137,109,65,25,91,54,48,66,110,119,135,87,115,66,183,110,101,121,207,219,272,196,180,0,0,0,0,0,0,0,0,0,0,0
Residential,1,ALT,ALTADORE,CENTRE,BUILT-OUT,INNER CITY,2019,,6942,3285,681,1928,1683,277,218,195,910,1367,633,27,625,462,0,150,0,19,0,0,0,2,0,3394,3535,268,486,162,139,527,714,535,342,159,62,263,472,172,182,631,672,550,337,160,96,531,958,334,321,1158,1386,1085,679,319,158,0,0,0,0,0,0,0,0,0,0,0
Residential,1,OGD,OGDEN,SOUTHEAST,BUILT-OUT,1950s,2019,,8576,3875,594,2120,2239,494,199,69,872,2142,515,2,327,549,0,330,0,4,3,1,0,2,0,4591,3965,231,440,201,253,732,767,611,755,403,198,241,405,149,177,653,608,508,609,383,232,472,845,350,430,1385,1375,1119,1364,786,430,0,0,0,0,0,0,0,0,0,0,0
Residential,1,FAI,FAIRVIEW,SOUTH,BUILT-OUT,1950s,2019,,3646,1613,200,1019,860,288,70,50,344,1253,0,0,313,0,0,47,0,0,0,0,0,0,0,1828,1814,106,187,76,106,305,283,254,270,140,101,93,184,70,99,277,330,223,244,147,147,199,371,146,205,582,613,477,514,287,248,0,0,0,0,0,0,0,0,0,0,0
Residential,1,CPF,COPPERFIELD,SOUTHEAST,DEVELOPING,BUILDING OUT,2019,,13823,5012,1784,3966,2249,1089,469,158,1046,3050,50,0,969,921,0,21,0,0,1,0,0,0,0,6963,6828,709,1198,319,304,1471,1560,795,383,174,50,642,1111,323,301,1537,1556,699,406,204,49,1357,2317,642,605,3008,3116,1494,789,378,99,14,6,8,0,0,0,0,0,0,0,0
Residential,1,STA,ST. ANDREWS HEIGHTS,CENTRE,BUILT-OUT,1950s,2019,,1795,648,65,328,330,45,64,35,174,406,0,0,108,132,0,0,0,0,0,1,1,0,0,860,933,36,60,43,58,112,104,80,104,114,149,32,65,30,78,115,112,86,92,166,157,68,125,73,136,227,216,166,196,280,306,0,0,0,0,0,0,0,0,0,0,0
Residential,1,UMR,UPPER MOUNT ROYAL,CENTRE,BUILT-OUT,INNER CITY,2019,,2478,1070,131,668,604,83,83,80,220,794,10,0,235,13,0,17,0,0,1,0,0,0,0,1267,1202,55,144,63,80,171,174,168,203,142,67,59,124,56,74,128,178,173,204,133,73,114,268,119,154,299,352,341,407,275,140,0,0,0,0,0,0,0,0,0,0,0
Residential,1,GAG,GARRISON GREEN,WEST,BUILT-OUT,BUILDING OUT,2019,,2060,730,190,468,322,79,72,42,215,262,72,0,252,141,0,1,0,0,0,2,0,0,0,927,1130,76,152,27,29,143,190,111,69,74,56,96,121,37,43,175,211,114,102,114,117,172,273,64,72,318,401,225,171,188,173,0,0,0,0,0,0,0,0,0,0,0
Residential,1,QPK,QUEENS PARK VILLAGE,CENTRE,BUILT-OUT,1950s,2019,,455,188,20,0,112,22,0,6,44,0,0,0,0,188,0,0,0,0,0,0,0,0,0,218,227,25,27,15,17,63,29,17,18,7,0,24,24,8,37,56,38,24,16,0,0,49,51,23,54,119,67,41,34,7,0,0,0,0,0,0,0,0,0,0,0,0
Residential,1,MOP,MOUNT PLEASANT,CENTRE,BUILT-OUT,INNER CITY,2019,,5889,2831,547,1556,1561,332,205,102,631,1425,739,25,211,114,0,315,0,0,2,0,0,0,0,3022,2839,236,334,111,134,489,639,453,386,166,74,195,303,101,148,491,640,378,325,162,96,437,637,212,282,980,1285,838,711,328,170,19,6,0,0,0,0,6,7,0,0,0
Residential,1,PKL,PARKLAND,SOUTH,BUILT-OUT,1960s/1970s,2019,,3660,1448,138,1349,884,310,114,38,102,1353,10,0,70,14,0,1,0,0,0,0,0,0,0,1819,1830,72,236,107,81,101,209,263,303,293,154,62,217,105,79,93,224,277,307,312,154,134,453,212,160,194,433,540,610,605,308,0,0,0,0,0,0,0,0,0,0,0
Residential,1,PKD,PARKDALE,CENTRE,BUILT-OUT,1950s,2019,,2566,1098,157,601,577,114,55,42,309,471,221,22,198,79,0,103,0,0,0,2,2,0,0,1278,1279,89,102,28,61,213,212,138,214,137,84,72,101,28,53,237,210,135,207,117,119,161,203,56,114,450,422,273,421,254,203,0,0,0,0,0,0,0,0,0,0,0
Residential,1,LPK,LINCOLN PARK,WEST,BUILT-OUT,1950s,2019,,2617,1094,21,324,439,121,56,22,456,0,6,0,816,269,0,0,0,0,0,1,0,2,0,1167,1448,31,71,237,276,128,142,99,43,53,87,23,54,281,281,179,195,102,68,78,187,54,125,518,557,307,337,201,111,131,274,0,0,0,0,0,0,0,0,0,0,0
Residential,1,SHS,SHAWNEE SLOPES,SOUTH,BUILT-OUT,1980s/1990s,2019,,1911,848,48,619,397,154,49,26,222,471,96,0,187,93,0,0,0,0,0,1,0,0,0,884,1022,38,73,33,41,79,107,96,150,146,121,36,81,39,43,96,100,111,163,188,165,74,154,72,84,175,207,207,313,334,286,0,0,0,0,0,0,0,0,0,0,0
Residential,1,NGM,NORTH GLENMORE PARK,WEST,BUILT-OUT,1950s,2019,,2391,1022,130,735,575,209,64,35,139,797,125,3,46,5,0,44,0,0,2,0,0,0,0,1205,1171,80,161,66,61,151,177,150,183,95,81,63,109,64,63,138,180,168,163,113,110,143,270,130,124,289,357,318,346,208,191,0,0,0,0,0,0,0,0,0,0,0
Industrial,2,EFI,EASTFIELD,EAST,N/A,EMPLOYMENT,2019,,0,0,0,0,0,0,0,0,0,0,0,0,0,0,0,0,0,0,0,0,0,0,0,0,0,0,0,0,0,0,0,0,0,0,0,0,0,0,0,0,0,0,0,0,0,0,0,0,0,0,0,0,0,0,0,0,0,0,0,0,0,0,0,0,0,0
Residential,1,YKV,YORKVILLE,SOUTH,DEVELOPING,BUILDING OUT,2019,,14,118,0,0,0,0,0,0,114,62,20,0,0,36,0,0,0,0,0,0,0,0,0,0,0,0,0,0,0,0,0,0,0,0,0,0,0,0,0,0,0,0,0,0,0,0,0,0,0,0,0,0,0,0,0,0,0,0,0,0,0,0,0,0,0,0
Residential,1,PIN,PINERIDGE,NORTHEAST,BUILT-OUT,1960s/1970s,2019,,10022,3912,911,2221,1993,624,173,129,993,1732,596,0,773,631,0,179,0,0,1,0,0,0,0,5024,4973,337,740,252,311,683,803,618,622,453,205,347,628,278,263,699,727,593,664,491,283,684,1375,530,574,1382,1530,1211,1286,944,488,7,0,7,0,0,0,0,0,0,0,0
Residential,1,MIS,MISSION,CENTRE,BUILT-OUT,INNER CITY,2019,,4598,3479,31,881,1530,277,243,88,1341,73,2,0,3297,49,1,54,0,0,1,2,0,0,0,2202,2273,36,22,13,117,825,478,226,196,180,109,32,36,12,158,929,394,194,170,174,174,68,58,25,281,1829,900,430,366,354,283,119,0,0,0,6,75,28,10,0,0,0
Residential,1,ACA,ACADIA,SOUTH,BUILT-OUT,1960s/1970s,2019,,10520,5046,698,2577,2660,808,303,128,1147,2282,132,1,2026,384,93,123,0,0,2,1,0,2,0,5310,5171,296,477,215,263,877,892,691,776,439,384,243,437,193,239,782,814,642,761,492,568,539,920,408,509,1659,1706,1339,1537,931,952,19,0,6,0,7,0,0,6,0,0,0
Residential,1,GRV,GREENVIEW,CENTRE,BUILT-OUT,1960s/1970s,2019,,1906,1120,159,386,413,83,39,34,538,206,30,0,512,309,0,63,0,0,0,0,0,0,0,970,926,88,71,22,52,201,215,133,96,56,36,66,79,24,51,184,207,100,112,61,42,154,150,46,103,385,422,233,208,117,78,0,0,0,0,0,0,0,0,0,0,0
Residual Sub Area,4,13M,13M,SOUTH,N/A,UNDEVELOPED,2019,Y,0,0,0,0,0,0,0,0,0,0,0,0,0,0,0,0,0,0,0,0,0,0,0,0,0,0,0,0,0,0,0,0,0,0,0,0,0,0,0,0,0,0,0,0,0,0,0,0,0,0,0,0,0,0,0,0,0,0,0,0,0,0,0,0,0,0
Residential,1,PCK,PINE CREEK,SOUTH,DEVELOPING,BUILDING OUT,2019,,14,35,0,0,0,0,0,0,33,22,13,0,0,0,0,0,0,0,0,0,0,0,0,0,0,0,0,0,0,0,0,0,0,0,0,0,0,0,0,0,0,0,0,0,0,0,0,0,0,0,0,0,0,0,0,0,0,0,0,0,0,0,0,0,0,0
Industrial,2,MLI,MAYLAND,NORTHEAST,N/A,EMPLOYMENT,2019,,0,2,0,0,0,0,0,0,0,0,0,1,0,0,0,0,0,1,0,0,0,0,0,0,0,0,0,0,0,0,0,0,0,0,0,0,0,0,0,0,0,0,0,0,0,0,0,0,0,0,0,0,0,0,0,0,0,0,0,0,0,0,0,0,0,0
Residual Sub Area,4,13L,13L,SOUTH,N/A,UNDEVELOPED,2019,Y,0,0,0,0,0,0,0,0,0,0,0,0,0,0,0,0,0,0,0,0,0,0,0,0,0,0,0,0,0,0,0,0,0,0,0,0,0,0,0,0,0,0,0,0,0,0,0,0,0,0,0,0,0,0,0,0,0,0,0,0,0,0,0,0,0,0
Residential,1,CHA,CHAPARRAL,SOUTH,DEVELOPING,BUILDING OUT,2019,,12654,4179,922,3674,2184,932,417,183,463,3290,311,0,193,382,0,3,0,0,0,0,0,0,0,6284,6342,336,1147,624,380,545,990,1155,666,297,144,340,1085,508,340,616,1081,1177,658,371,166,676,2232,1132,720,1161,2071,2342,1324,668,310,10,0,0,0,0,0,0,10,0,0,0
Residential,1,WIN,WINSTON HEIGHTS/MOUNTVIEW,CENTRE,BUILT-OUT,1950s,2019,,3635,1803,247,877,831,217,97,43,611,831,383,6,127,202,0,249,0,2,1,1,0,1,0,1851,1748,112,168,64,58,332,378,255,236,124,124,131,158,52,72,327,339,236,210,108,115,243,326,116,130,659,717,491,446,232,239,0,0,0,0,0,0,0,0,0,0,0
Residential,1,WWO,WOLF WILLOW,SOUTH,DEVELOPING,BUILDING OUT,2019,,0,21,0,0,0,0,0,0,21,13,5,0,0,3,0,0,0,0,0,0,0,0,0,0,0,0,0,0,0,0,0,0,0,0,0,0,0,0,0,0,0,0,0,0,0,0,0,0,0,0,0,0,0,0,0,0,0,0,0,0,0,0,0,0,0,0
Residual Sub Area,4,12I,12I,SOUTHEAST,N/A,UNDEVELOPED,2019,Y,0,0,0,0,0,0,0,0,0,0,0,0,0,0,0,0,0,0,0,0,0,0,0,0,0,0,0,0,0,0,0,0,0,0,0,0,0,0,0,0,0,0,0,0,0,0,0,0,0,0,0,0,0,0,0,0,0,0,0,0,0,0,0,0,0,0
Residential,1,KCA,KINCORA,NORTH,DEVELOPING,2000s,2019,,6889,2508,716,1775,1269,480,176,89,494,1486,82,0,743,184,0,13,0,0,0,0,0,0,0,3459,3419,294,592,193,159,529,633,517,310,180,52,246,575,167,178,570,646,488,307,179,63,540,1167,360,337,1099,1279,1005,617,359,115,0,0,0,0,0,0,0,0,0,0,0
Residential,1,BLN,BELTLINE,CENTRE,BUILT-OUT,CENTRE CITY,2019,,25129,18308,727,3880,7012,1142,1626,316,8207,71,7,8,17771,341,0,45,6,43,2,0,0,14,0,13040,11302,334,281,148,901,5452,3068,1287,821,485,263,305,274,122,1038,4932,2189,931,654,465,392,639,569,270,1949,11015,5342,2237,1482,950,655,766,0,14,0,10,631,85,19,7,0,0
Residual Sub Area,4,12A,12A,SOUTHEAST,N/A,OTHER,2019,Y,0,0,0,0,0,0,0,0,0,0,0,0,0,0,0,0,0,0,0,0,0,0,0,0,0,0,0,0,0,0,0,0,0,0,0,0,0,0,0,0,0,0,0,0,0,0,0,0,0,0,0,0,0,0,0,0,0,0,0,0,0,0,0,0,0,0
Residential,1,MAC,MACEWAN GLEN,NORTH,BUILT-OUT,1980s/1990s,2019,,4754,1786,238,1511,1052,359,110,51,214,1515,66,0,0,185,0,20,0,0,0,0,0,0,0,2341,2403,113,282,147,144,260,282,320,462,240,91,117,257,145,132,233,322,369,462,244,122,230,539,292,276,493,604,689,924,484,213,0,0,0,0,0,0,0,0,0,0,0
Residual Sub Area,4,01B,01B,NORTHWEST,N/A,UNDEVELOPED,2019,Y,0,0,0,0,0,0,0,0,0,0,0,0,0,0,0,0,0,0,0,0,0,0,0,0,0,0,0,0,0,0,0,0,0,0,0,0,0,0,0,0,0,0,0,0,0,0,0,0,0,0,0,0,0,0,0,0,0,0,0,0,0,0,0,0,0,0
Industrial,2,SHI,SHEPARD INDUSTRIAL,SOUTHEAST,N/A,EMPLOYMENT,2019,,255,150,0,126,71,20,14,0,43,0,0,0,0,0,148,0,0,0,0,0,0,2,0,126,103,0,0,0,7,12,15,22,39,19,12,0,8,0,0,9,11,12,41,12,10,0,8,0,7,21,26,34,80,31,22,0,0,0,0,0,0,0,0,0,0,0
Residential,1,PKH,PARKHILL,CENTRE,BUILT-OUT,1950s,2019,,1691,936,75,480,457,52,94,22,311,363,175,0,300,39,0,59,0,0,0,0,0,0,0,846,841,39,64,50,37,198,140,113,106,74,25,45,56,28,73,191,122,135,100,59,32,84,120,78,110,389,262,248,206,133,57,0,0,0,0,0,0,0,0,0,0,0
Residential,1,CAM,CAMBRIAN HEIGHTS,CENTRE,BUILT-OUT,1950s,2019,,2036,939,103,531,529,128,60,24,198,611,138,37,16,56,0,80,0,0,1,0,0,0,0,1024,1008,50,118,50,66,153,146,148,164,71,58,52,105,41,75,151,120,144,165,78,77,102,223,91,141,304,266,292,329,149,135,0,0,0,0,0,0,0,0,0,0,0
Residential,1,FHT,FOREST HEIGHTS,EAST,BUILT-OUT,1960s/1970s,2019,,6496,2275,330,1232,1654,215,83,30,293,927,473,0,30,578,0,266,0,0,0,1,0,0,0,3384,3089,171,440,218,208,420,634,486,439,231,137,146,368,192,189,444,515,398,380,236,221,317,808,410,397,864,1149,890,819,467,358,6,0,0,0,0,0,0,6,0,0,0
Residential,1,CSC,CITYSCAPE,NORTHEAST,DEVELOPING,BUILDING OUT,2019,,3104,970,403,706,462,75,37,46,350,695,14,0,1,260,0,0,0,0,0,0,0,0,0,1551,1548,183,261,90,86,295,328,165,79,48,16,147,262,90,84,322,325,151,99,50,18,330,523,180,170,617,653,316,178,98,34,0,0,0,0,0,0,0,0,0,0,0
Residential,1,EAG,EAGLE RIDGE,SOUTH,BUILT-OUT,1960s/1970s,2019,,302,110,0,100,51,16,7,21,15,98,0,0,10,0,0,0,0,0,0,1,1,0,0,156,138,7,14,7,12,8,9,23,28,26,22,0,11,11,0,6,12,22,29,29,18,7,25,18,12,14,21,45,57,55,40,0,0,0,0,0,0,0,0,0,0,0
Residential,1,SOV,SOUTHVIEW,EAST,BUILT-OUT,1950s,2019,,1805,837,96,397,454,113,59,15,196,584,26,44,15,52,0,114,1,0,0,1,0,0,0,969,831,44,73,38,42,125,152,160,166,101,68,43,66,33,44,99,118,113,123,102,90,87,139,71,86,224,270,273,289,203,158,0,0,0,0,0,0,0,0,0,0,0
Residential,1,CHV,COUNTRY HILLS VILLAGE,NORTH,BUILT-OUT,2000s,2019,,2597,1352,83,826,664,225,100,120,243,0,0,0,961,389,0,0,0,0,0,2,0,0,0,1175,1414,58,77,40,45,211,202,124,107,156,155,54,83,37,55,195,172,155,154,257,252,112,160,77,100,406,374,279,261,413,407,0,0,0,0,0,0,0,0,0,0,0
Industrial,2,ST1,STONEY 1,NORTH,N/A,EMPLOYMENT,2019,,0,3,0,0,0,0,0,0,0,3,0,0,0,0,0,0,0,0,0,0,0,0,0,0,0,0,0,0,0,0,0,0,0,0,0,0,0,0,0,0,0,0,0,0,0,0,0,0,0,0,0,0,0,0,0,0,0,0,0,0,0,0,0,0,0,0
Residential,1,MCK,MCKENZIE LAKE,SOUTHEAST,BUILT-OUT,1980s/1990s,2019,,13406,4661,838,4117,2414,1122,435,152,538,4234,24,0,0,379,0,24,0,0,0,0,0,0,0,6735,6628,315,972,567,481,633,843,1102,1144,513,165,298,833,508,424,675,916,1188,1134,474,178,613,1805,1075,905,1314,1767,2299,2284,987,343,29,0,0,0,0,6,8,9,6,0,0
Residual Sub Area,4,13H,13H,SOUTH,N/A,UNDEVELOPED,2019,Y,0,0,0,0,0,0,0,0,0,0,0,0,0,0,0,0,0,0,0,0,0,0,0,0,0,0,0,0,0,0,0,0,0,0,0,0,0,0,0,0,0,0,0,0,0,0,0,0,0,0,0,0,0,0,0,0,0,0,0,0,0,0,0,0,0,0
Residential,1,CHR,CHRISTIE PARK,WEST,BUILT-OUT,1980s/1990s,2019,,2128,727,40,653,402,123,62,44,95,475,94,0,0,156,0,0,0,0,0,2,0,0,0,1006,1115,32,105,74,58,70,99,112,177,148,131,36,105,57,67,73,99,137,196,148,197,68,210,131,125,143,198,249,373,296,328,0,0,0,0,0,0,0,0,0,0,0
Industrial,2,FLI,FOREST LAWN INDUSTRIAL,EAST,N/A,EMPLOYMENT,2019,,123,62,0,47,35,11,0,0,12,0,0,0,0,0,60,0,0,0,0,0,1,1,0,79,20,0,0,0,7,9,14,16,16,11,6,0,0,0,0,0,6,0,8,6,0,0,0,0,7,9,20,16,24,17,6,0,0,0,0,0,0,0,0,0,0,0
Residential,1,MAL,MAYLAND HEIGHTS,NORTHEAST,BUILT-OUT,1960s/1970s,2019,,5961,2783,484,1325,1296,397,124,94,871,1292,328,21,622,284,0,234,0,0,1,0,0,1,0,2992,2960,197,316,106,201,492,506,394,417,208,155,186,294,102,159,547,437,342,427,219,247,383,610,208,360,1039,943,736,844,427,402,0,0,0,0,0,0,0,0,0,0,0
Residential,1,MLR,MILLRISE,SOUTH,BUILT-OUT,1980s/1990s,2019,,6900,2649,532,1977,1210,714,205,72,446,1703,107,0,533,272,0,33,0,0,0,1,0,0,0,3303,3584,188,414,181,198,423,511,471,479,282,156,220,403,173,169,455,510,556,533,333,232,408,817,354,367,878,1021,1027,1012,615,388,0,0,0,0,0,0,0,0,0,0,0
Residential,1,SSW,SCARBORO/ SUNALTA WEST,CENTRE,BUILT-OUT,1950s,2019,,401,167,0,131,88,24,9,14,32,163,0,0,0,0,0,4,0,0,0,0,0,0,0,204,189,10,35,10,0,17,28,42,30,18,14,10,25,8,7,13,34,35,26,16,15,20,60,18,7,30,62,77,56,34,29,0,0,0,0,0,0,0,0,0,0,0
Residual Sub Area,4,02L,02L,NORTH,N/A,OTHER,2019,Y,0,0,0,0,0,0,0,0,0,0,0,0,0,0,0,0,0,0,0,0,0,0,0,0,0,0,0,0,0,0,0,0,0,0,0,0,0,0,0,0,0,0,0,0,0,0,0,0,0,0,0,0,0,0,0,0,0,0,0,0,0,0,0,0,0,0
Residential,1,LIV,LIVINGSTON,NORTH,DEVELOPING,BUILDING OUT,2019,,1477,838,108,474,236,78,47,19,458,564,102,0,59,109,0,4,0,0,0,0,0,0,0,719,687,71,79,24,48,212,145,56,51,24,9,68,62,26,33,209,131,61,58,30,9,139,149,56,81,449,291,117,109,54,18,57,0,8,6,0,28,15,0,0,0,0
Residential,1,QLD,QUEENSLAND,SOUTH,BUILT-OUT,1960s/1970s,2019,,4743,1905,271,1433,1066,293,92,47,407,1174,216,0,60,391,0,64,0,0,0,0,0,0,0,2401,2323,129,264,120,126,402,392,307,353,200,108,125,253,117,105,361,343,307,366,223,123,254,517,237,231,763,735,614,719,423,231,0,0,0,0,0,0,0,0,0,0,0
Industrial,2,STD,STARFIELD,EAST,N/A,EMPLOYMENT,2019,,0,2,0,0,0,0,0,0,0,2,0,0,0,0,0,0,0,0,0,0,0,0,0,0,0,0,0,0,0,0,0,0,0,0,0,0,0,0,0,0,0,0,0,0,0,0,0,0,0,0,0,0,0,0,0,0,0,0,0,0,0,0,0,0,0,0
Residential,1,DAL,DALHOUSIE,NORTHWEST,BUILT-OUT,1960s/1970s,2019,,8940,3742,555,2202,2249,496,207,104,686,1931,308,0,861,570,0,71,0,1,0,0,0,0,0,4427,4453,205,567,257,368,688,651,490,506,378,317,213,508,216,309,643,649,497,559,455,404,418,1084,481,684,1342,1307,987,1072,833,721,49,0,9,8,7,11,7,0,7,0,0
Residential,1,LMR,LOWER MOUNT ROYAL,CENTRE,BUILT-OUT,INNER CITY,2019,,3457,2430,54,536,1071,157,217,54,931,52,22,6,2220,102,0,26,0,0,0,1,0,1,0,1780,1669,39,27,14,119,671,431,186,154,100,39,42,30,18,128,688,327,176,129,81,50,81,57,32,247,1359,758,362,283,181,89,0,0,0,0,0,0,0,0,0,0,0
Residential,1,ROX,ROXBORO,CENTRE,BUILT-OUT,INNER CITY,2019,,422,154,6,142,99,9,18,11,17,154,0,0,0,0,0,0,0,0,0,0,0,0,0,226,196,13,32,20,12,10,24,35,45,22,13,12,30,7,8,10,32,26,37,21,13,25,62,27,20,20,56,61,82,43,26,0,0,0,0,0,0,0,0,0,0,0
Residual Sub Area,4,02K,02K,NORTH,N/A,UNDEVELOPED,2019,Y,0,0,0,0,0,0,0,0,0,0,0,0,0,0,0,0,0,0,0,0,0,0,0,0,0,0,0,0,0,0,0,0,0,0,0,0,0,0,0,0,0,0,0,0,0,0,0,0,0,0,0,0,0,0,0,0,0,0,0,0,0,0,0,0,0,0
Residential,1,UND,UNIVERSITY DISTRICT,NORTHWEST,BUILT-OUT,OTHER,2019,,705,329,114,30,157,9,6,8,149,0,0,1,16,312,0,0,0,0,0,0,0,0,0,359,336,50,107,9,0,57,102,22,12,0,0,45,81,6,10,86,85,13,10,0,0,95,188,15,10,143,187,35,22,0,0,0,0,0,0,0,0,0,0,0,0,0
Residential,1,RUT,RUTLAND PARK,WEST,BUILT-OUT,1950s,2019,,2263,978,110,341,576,144,40,27,190,310,45,0,95,491,0,36,0,0,0,1,0,0,0,1091,1168,75,124,44,67,126,175,144,124,102,110,46,105,47,47,121,176,154,129,181,162,121,229,91,114,247,351,298,253,283,272,0,0,0,0,0,0,0,0,0,0,0
Industrial,2,HOR,HORIZON,NORTHEAST,N/A,EMPLOYMENT,2019,,0,6,0,0,0,0,0,0,0,0,0,0,0,0,0,0,0,0,0,0,0,6,0,0,0,0,0,0,0,0,0,0,0,0,0,0,0,0,0,0,0,0,0,0,0,0,0,0,0,0,0,0,0,0,0,0,0,0,0,0,0,0,0,0,0,0
Industrial,2,CIA,CALGARY INTERNATIONAL AIRPORT,NORTHEAST,N/A,OTHER,2019,,0,3,0,0,0,0,0,0,0,0,0,0,0,0,0,0,0,0,0,0,0,3,0,0,0,0,0,0,0,0,0,0,0,0,0,0,0,0,0,0,0,0,0,0,0,0,0,0,0,0,0,0,0,0,0,0,0,0,0,0,0,0,0,0,0,0
Residual Sub Area,4,01K,01K,NORTHWEST,N/A,UNDEVELOPED,2019,Y,0,0,0,0,0,0,0,0,0,0,0,0,0,0,0,0,0,0,0,0,0,0,0,0,0,0,0,0,0,0,0,0,0,0,0,0,0,0,0,0,0,0,0,0,0,0,0,0,0,0,0,0,0,0,0,0,0,0,0,0,0,0,0,0,0,0
Residential,1,HSN,HASKAYNE,NORTHWEST,DEVELOPING,BUILDING OUT,2019,,0,2,0,0,0,0,0,0,0,1,0,0,0,0,0,1,0,0,0,0,0,0,0,0,0,0,0,0,0,0,0,0,0,0,0,0,0,0,0,0,0,0,0,0,0,0,0,0,0,0,0,0,0,0,0,0,0,0,0,0,0,0,0,0,0,0
Residential,1,CRA,CRANSTON,SOUTHEAST,DEVELOPING,BUILDING OUT,2019,,19884,7141,2068,5933,3449,1697,829,257,907,5332,376,0,678,739,0,16,0,0,0,0,0,0,0,9874,9970,806,1759,534,369,1380,1933,1433,930,553,177,744,1717,524,381,1521,2020,1315,968,610,170,1550,3476,1058,750,2908,3953,2748,1898,1163,347,7,0,0,0,0,7,0,0,0,0,0
Residential,1,SET,SETON,SOUTHEAST,DEVELOPING,BUILDING OUT,2019,,1134,973,33,137,217,71,18,10,656,148,73,2,614,128,2,2,0,0,0,1,1,2,0,480,648,30,27,17,28,103,67,27,62,56,63,27,29,19,44,115,60,35,97,100,122,57,56,36,72,218,127,62,159,156,185,0,0,0,0,0,0,0,0,0,0,0
Residual Sub Area,4,13J,13J,SOUTH,N/A,UNDEVELOPED,2019,Y,0,0,0,0,0,0,0,0,0,0,0,0,0,0,0,0,0,0,0,0,0,0,0,0,0,0,0,0,0,0,0,0,0,0,0,0,0,0,0,0,0,0,0,0,0,0,0,0,0,0,0,0,0,0,0,0,0,0,0,0,0,0,0,0,0,0
Residential,1,MAH,MAHOGANY,SOUTHEAST,DEVELOPING,BUILDING OUT,2019,,11784,4507,1842,3465,1790,1085,403,190,1037,2901,400,0,913,268,0,5,0,0,0,20,0,0,0,5827,5926,746,1065,203,151,1077,1404,595,311,193,82,662,1006,214,193,1297,1364,519,337,236,98,1408,2071,417,344,2384,2778,1114,648,429,180,20,0,0,0,0,10,10,0,0,0,0
Residential,1,RVW,RANGEVIEW,SOUTHEAST,DEVELOPING,BUILDING OUT,2019,,0,0,0,0,0,0,0,0,0,0,0,0,0,0,0,0,0,0,0,0,0,0,0,0,0,0,0,0,0,0,0,0,0,0,0,0,0,0,0,0,0,0,0,0,0,0,0,0,0,0,0,0,0,0,0,0,0,0,0,0,0,0,0,0,0,0
Residential,1,SDC,SUNDANCE,SOUTH,BUILT-OUT,1980s/1990s,2019,,9736,3424,497,2959,2087,647,266,115,309,3067,74,0,100,152,0,31,0,0,0,0,0,0,0,4834,4885,193,657,352,337,455,587,638,961,498,156,203,615,369,314,392,604,738,999,455,196,396,1272,721,651,847,1191,1376,1960,953,352,0,0,0,0,0,0,0,0,0,0,0
Major Park,3,FPK,FISH CREEK PARK,SOUTH,N/A,PARKS,2019,,0,0,0,0,0,0,0,0,0,0,0,0,0,0,0,0,0,0,0,0,0,0,0,0,0,0,0,0,0,0,0,0,0,0,0,0,0,0,0,0,0,0,0,0,0,0,0,0,0,0,0,0,0,0,0,0,0,0,0,0,0,0,0,0,0,0
Residential,1,NHU,NORTH HAVEN UPPER,NORTH,BUILT-OUT,1960s/1970s,2019,,599,246,12,225,163,42,15,7,19,245,0,0,0,0,0,1,0,0,0,0,0,0,0,309,286,17,27,14,15,37,33,37,69,32,28,9,30,13,12,28,34,37,65,33,25,26,57,27,27,65,67,74,134,65,53,0,0,0,0,0,0,0,0,0,0,0
Residential,1,COA,COACH HILL,WEST,BUILT-OUT,1980s/1990s,2019,,3244,1482,188,1163,808,229,93,65,283,634,101,1,237,508,0,1,0,0,0,0,0,0,0,1512,1711,75,200,64,67,173,244,197,210,198,84,102,172,65,64,193,304,221,263,199,128,177,372,129,131,366,555,418,473,397,212,7,0,0,0,0,0,7,0,0,0,0
Residential,1,WND,WINDSOR PARK,CENTRE,BUILT-OUT,1950s,2019,,4584,2466,227,887,1017,235,181,44,989,328,360,60,1528,92,0,92,3,0,1,0,0,2,0,2235,2337,95,160,76,117,531,458,286,264,151,97,110,157,84,129,515,432,300,271,188,151,205,317,160,246,1046,890,586,535,339,248,0,0,0,0,0,0,0,0,0,0,0
Residential,1,SCE,SCENIC ACRES,NORTHWEST,BUILT-OUT,0,2019,,8067,2928,376,2708,1545,783,206,86,308,2666,162,0,0,75,0,11,0,0,0,1,13,0,0,3974,4067,174,430,266,296,337,432,512,797,481,249,137,363,241,252,340,449,593,873,461,358,311,793,507,548,677,881,1105,1678,942,607,8,0,0,0,0,0,0,0,8,0,0
Residential,1,RUN,RUNDLE,NORTHEAST,BUILT-OUT,1960s/1970s,2019,,11688,3834,1024,2171,1848,646,236,109,995,2218,174,0,0,1111,0,330,1,0,0,0,0,0,0,5975,5696,402,826,413,406,854,1013,720,655,470,216,398,789,327,457,872,867,650,633,487,216,800,1615,740,863,1726,1888,1370,1288,957,432,8,0,0,0,0,0,8,0,0,0,0
Industrial,2,SAW,SOUTH AIRWAYS,NORTHEAST,N/A,EMPLOYMENT,2019,,0,1,0,0,0,0,0,0,0,0,0,0,0,0,0,0,0,0,0,0,0,1,0,0,0,0,0,0,0,0,0,0,0,0,0,0,0,0,0,0,0,0,0,0,0,0,0,0,0,0,0,0,0,0,0,0,0,0,0,0,0,0,0,0,0,0
Industrial,2,PEG,PEGASUS,NORTHEAST,N/A,EMPLOYMENT,2019,,0,1,0,0,0,0,0,0,0,0,0,0,0,0,0,0,0,0,0,0,0,1,0,0,0,0,0,0,0,0,0,0,0,0,0,0,0,0,0,0,0,0,0,0,0,0,0,0,0,0,0,0,0,0,0,0,0,0,0,0,0,0,0,0,0,0
Residential,1,DDG,DOUGLASDALE/GLEN,SOUTHEAST,BUILT-OUT,1980s/1990s,2019,,12881,4945,822,4167,2693,1017,443,134,656,3938,144,0,550,306,0,3,0,0,4,0,0,0,0,6459,6388,356,688,388,401,715,887,992,1097,654,281,327,650,396,356,703,911,1062,1062,656,265,683,1338,784,757,1424,1798,2054,2159,1310,546,6,0,0,0,0,6,0,0,0,0,0
Residential,1,MEA,MEADOWLARK PARK,CENTRE,BUILT-OUT,1950s,2019,,644,287,0,217,170,29,20,0,64,280,0,0,0,0,0,7,0,0,0,0,0,0,0,323,315,17,35,9,12,43,63,49,46,34,15,18,29,13,0,41,46,62,50,34,22,35,64,22,12,84,109,111,96,68,37,0,0,0,0,0,0,0,0,0,0,0
Industrial,2,SKW,SKYLINE WEST,NORTH,N/A,EMPLOYMENT,2019,,0,0,0,0,0,0,0,0,0,0,0,0,0,0,0,0,0,0,0,0,0,0,0,0,0,0,0,0,0,0,0,0,0,0,0,0,0,0,0,0,0,0,0,0,0,0,0,0,0,0,0,0,0,0,0,0,0,0,0,0,0,0,0,0,0,0
Residual Sub Area,4,13A,13A,SOUTH,N/A,UNDEVELOPED,2019,Y,0,0,0,0,0,0,0,0,0,0,0,0,0,0,0,0,0,0,0,0,0,0,0,0,0,0,0,0,0,0,0,0,0,0,0,0,0,0,0,0,0,0,0,0,0,0,0,0,0,0,0,0,0,0,0,0,0,0,0,0,0,0,0,0,0,0
Residual Sub Area,4,09P,09P,EAST,N/A,UNDEVELOPED,2019,Y,0,0,0,0,0,0,0,0,0,0,0,0,0,0,0,0,0,0,0,0,0,0,0,0,0,0,0,0,0,0,0,0,0,0,0,0,0,0,0,0,0,0,0,0,0,0,0,0,0,0,0,0,0,0,0,0,0,0,0,0,0,0,0,0,0,0
Residual Sub Area,4,06C,06C,WEST,N/A,UNDEVELOPED,2019,Y,0,0,0,0,0,0,0,0,0,0,0,0,0,0,0,0,0,0,0,0,0,0,0,0,0,0,0,0,0,0,0,0,0,0,0,0,0,0,0,0,0,0,0,0,0,0,0,0,0,0,0,0,0,0,0,0,0,0,0,0,0,0,0,0,0,0
Residential,1,CHN,CHINATOWN,CENTRE,BUILT-OUT,CENTRE CITY,2019,,2471,1989,21,378,838,72,78,24,974,0,0,0,1967,7,0,1,14,0,0,0,0,0,0,1205,1250,26,17,16,48,268,322,131,107,94,176,23,20,7,48,256,243,115,113,107,318,49,37,23,96,524,571,246,220,201,494,6,0,0,0,0,0,6,0,0,0,0
Residual Sub Area,4,05F,05F,NORTHEAST,N/A,UNDEVELOPED,2019,Y,0,0,0,0,0,0,0,0,0,0,0,0,0,0,0,0,0,0,0,0,0,0,0,0,0,0,0,0,0,0,0,0,0,0,0,0,0,0,0,0,0,0,0,0,0,0,0,0,0,0,0,0,0,0,0,0,0,0,0,0,0,0,0,0,0,0
Residential,1,WGT,WESTGATE,WEST,BUILT-OUT,1950s,2019,,3202,1343,212,874,749,221,112,62,199,918,50,0,141,187,0,46,0,0,0,0,0,1,0,1547,1648,94,184,87,73,243,262,171,225,138,70,106,170,59,83,229,258,207,247,165,124,200,354,146,156,472,520,378,472,303,194,0,0,0,0,0,0,0,0,0,0,0
Residential,1,GDL,GLENDALE,WEST,BUILT-OUT,1950s,2019,,2765,1128,149,819,631,169,73,59,196,959,0,5,108,24,0,32,0,0,0,0,0,0,0,1365,1397,75,165,80,75,185,204,158,226,123,74,99,161,78,73,194,195,181,217,111,88,174,326,158,148,379,399,339,443,234,162,0,0,0,0,0,0,0,0,0,0,0
Residual Sub Area,4,06B,06B,WEST,N/A,OTHER,2019,Y,0,0,0,0,0,0,0,0,0,0,0,0,0,0,0,0,0,0,0,0,0,0,0,0,0,0,0,0,0,0,0,0,0,0,0,0,0,0,0,0,0,0,0,0,0,0,0,0,0,0,0,0,0,0,0,0,0,0,0,0,0,0,0,0,0,0
Residential,1,KIN,KINGSLAND,SOUTH,BUILT-OUT,1950s,2019,,4688,2422,400,707,943,283,103,40,1044,654,199,5,1288,184,0,89,1,0,0,1,0,1,0,2389,2292,175,207,85,115,473,486,315,321,143,69,151,216,83,149,430,460,245,280,152,126,326,423,168,264,903,946,560,601,295,195,0,0,0,0,0,0,0,0,0,0,0
Residential,1,SIL,SILVER SPRINGS,NORTHWEST,BUILT-OUT,1960s/1970s,2019,,8679,3563,621,2791,2121,643,238,102,459,2547,209,0,241,546,0,20,0,0,0,0,0,0,0,4280,4378,247,552,237,236,429,580,547,656,519,277,235,481,211,214,434,605,571,736,616,275,482,1033,448,456,863,1185,1118,1392,1135,552,6,0,0,0,6,0,0,0,0,0,0
Residential,1,HKS,HOTCHKISS,SOUTHEAST,DEVELOPING,2000s,2019,,0,1,0,0,0,0,0,0,0,1,0,0,0,0,0,0,0,0,0,0,0,0,0,0,0,0,0,0,0,0,0,0,0,0,0,0,0,0,0,0,0,0,0,0,0,0,0,0,0,0,0,0,0,0,0,0,0,0,0,0,0,0,0,0,0,0
Residential,1,HSD,HOMESTEAD,NORTHEAST,DEVELOPING,BUILDING OUT,2019,,0,0,0,0,0,0,0,0,0,0,0,0,0,0,0,0,0,0,0,0,0,0,0,0,0,0,0,0,0,0,0,0,0,0,0,0,0,0,0,0,0,0,0,0,0,0,0,0,0,0,0,0,0,0,0,0,0,0,0,0,0,0,0,0,0,0
Residual Sub Area,4,05G,05G,NORTHEAST,N/A,OTHER,2019,Y,0,0,0,0,0,0,0,0,0,0,0,0,0,0,0,0,0,0,0,0,0,0,0,0,0,0,0,0,0,0,0,0,0,0,0,0,0,0,0,0,0,0,0,0,0,0,0,0,0,0,0,0,0,0,0,0,0,0,0,0,0,0,0,0,0,0
Residual Sub Area,4,02C,02C,NORTH,N/A,UNDEVELOPED,2019,Y,0,0,0,0,0,0,0,0,0,0,0,0,0,0,0,0,0,0,0,0,0,0,0,0,0,0,0,0,0,0,0,0,0,0,0,0,0,0,0,0,0,0,0,0,0,0,0,0,0,0,0,0,0,0,0,0,0,0,0,0,0,0,0,0,0,0
Residual Sub Area,4,03W,03W,NORTH,N/A,OTHER,2019,Y,0,0,0,0,0,0,0,0,0,0,0,0,0,0,0,0,0,0,0,0,0,0,0,0,0,0,0,0,0,0,0,0,0,0,0,0,0,0,0,0,0,0,0,0,0,0,0,0,0,0,0,0,0,0,0,0,0,0,0,0,0,0,0,0,0,0
Residual Sub Area,4,02B,02B,NORTH,N/A,UNDEVELOPED,2019,Y,0,0,0,0,0,0,0,0,0,0,0,0,0,0,0,0,0,0,0,0,0,0,0,0,0,0,0,0,0,0,0,0,0,0,0,0,0,0,0,0,0,0,0,0,0,0,0,0,0,0,0,0,0,0,0,0,0,0,0,0,0,0,0,0,0,0
Residential,1,PAT,PATTERSON,WEST,BUILT-OUT,1980s/1990s,2019,,4202,2034,281,1412,1051,306,117,102,458,573,168,0,669,624,0,0,0,0,0,0,0,0,0,1978,2216,109,207,90,87,225,319,230,303,261,147,113,204,79,91,239,334,316,367,293,180,222,411,169,178,464,653,546,670,554,327,0,0,0,0,0,0,0,0,0,0,0
Residential,1,SGH,SAGE HILL,NORTH,DEVELOPING,BUILDING OUT,2019,,7924,3172,1089,2321,1392,538,206,105,928,1614,99,97,625,733,0,3,0,0,0,1,0,0,0,3802,4092,418,548,149,150,848,819,407,232,148,83,415,575,163,175,968,822,400,291,198,85,833,1131,312,325,1816,1650,807,523,346,168,17,0,8,0,0,0,9,0,0,0,0
Residential,1,NOL,NOLAN HILL,NORTH,DEVELOPING,BUILDING OUT,2019,,7505,2468,972,2145,1289,458,198,114,409,1784,1,0,0,677,0,6,0,0,0,0,0,0,0,3728,3750,395,632,247,168,751,733,484,194,105,19,377,600,209,148,804,817,437,222,107,29,772,1232,456,316,1555,1550,921,416,212,48,0,0,0,0,0,0,0,0,0,0,0
Residential,1,EVN,EVANSTON,NORTH,DEVELOPING,BUILDING OUT,2019,,17685,5686,2483,4631,2427,1265,518,324,1146,4302,363,0,68,922,0,27,0,0,0,4,0,0,0,8747,8841,957,1633,446,309,1497,1953,1021,506,259,166,864,1521,368,330,1725,1946,921,553,341,272,1831,3170,814,639,3242,3919,1949,1070,606,438,90,10,16,0,0,20,20,7,11,6,0
Residual Sub Area,4,13I,13I,SOUTH,N/A,UNDEVELOPED,2019,Y,0,0,0,0,0,0,0,0,0,0,0,0,0,0,0,0,0,0,0,0,0,0,0,0,0,0,0,0,0,0,0,0,0,0,0,0,0,0,0,0,0,0,0,0,0,0,0,0,0,0,0,0,0,0,0,0,0,0,0,0,0,0,0,0,0,0
Residential,1,CAR,CARRINGTON,NORTH,DEVELOPING,BUILDING OUT,2019,,572,452,29,151,91,29,19,10,303,264,141,0,0,47,0,0,0,0,0,0,0,0,0,282,275,30,47,15,14,59,61,25,19,12,0,30,33,9,16,65,57,30,21,7,7,60,80,24,30,124,127,55,40,19,7,9,0,0,0,0,0,9,0,0,0,0
Residual Sub Area,4,12C,12C,SOUTHEAST,N/A,OTHER,2019,Y,0,0,0,0,0,0,0,0,0,0,0,0,0,0,0,0,0,0,0,0,0,0,0,0,0,0,0,0,0,0,0,0,0,0,0,0,0,0,0,0,0,0,0,0,0,0,0,0,0,0,0,0,0,0,0,0,0,0,0,0,0,0,0,0,0,0
Residual Sub Area,4,12L,12L,SOUTHEAST,N/A,OTHER,2019,Y,0,0,0,0,0,0,0,0,0,0,0,0,0,0,0,0,0,0,0,0,0,0,0,0,0,0,0,0,0,0,0,0,0,0,0,0,0,0,0,0,0,0,0,0,0,0,0,0,0,0,0,0,0,0,0,0,0,0,0,0,0,0,0,0,0,0
Industrial,2,S23,SECTION 23,SOUTHEAST,N/A,EMPLOYMENT,2019,,0,1,0,0,0,0,0,0,0,1,0,0,0,0,0,0,0,0,0,0,0,0,0,0,0,0,0,0,0,0,0,0,0,0,0,0,0,0,0,0,0,0,0,0,0,0,0,0,0,0,0,0,0,0,0,0,0,0,0,0,0,0,0,0,0,0
Residential,1,FLN,FOREST LAWN,EAST,BUILT-OUT,1950s,2019,,7814,3425,564,923,1773,418,135,43,1054,1375,342,16,228,767,0,674,0,18,3,0,1,1,0,4244,3559,233,500,224,219,605,759,688,635,252,129,220,467,189,218,556,625,459,431,215,179,453,967,413,437,1161,1384,1147,1066,467,308,0,0,0,0,0,0,0,0,0,0,0
Residential,1,DRG,DEER RIDGE,SOUTH,BUILT-OUT,1980s/1990s,2019,,3973,1510,414,1064,794,329,115,38,232,857,139,0,0,494,0,19,0,0,0,1,0,0,0,1901,2059,136,259,113,106,258,319,232,225,181,72,133,249,91,93,287,332,277,275,194,128,269,508,204,199,545,651,509,500,375,200,0,0,0,0,0,0,0,0,0,0,0
Residential,1,MDH,MEDICINE HILL,WEST,BUILT-OUT,2000s,2019,,0,0,0,0,0,0,0,0,0,0,0,0,0,0,0,0,0,0,0,0,0,0,0,0,0,0,0,0,0,0,0,0,0,0,0,0,0,0,0,0,0,0,0,0,0,0,0,0,0,0,0,0,0,0,0,0,0,0,0,0,0,0,0,0,0,0
Residential,1,HAY,HAYSBORO,SOUTH,BUILT-OUT,1950s,2019,,7080,3655,550,1834,1708,400,230,76,1240,1817,0,0,1774,9,0,55,0,0,0,0,0,0,0,3499,3558,210,280,123,181,673,641,449,488,280,174,222,312,117,186,623,573,452,529,274,270,432,592,240,367,1296,1224,901,1017,554,444,10,0,0,0,0,0,10,0,0,0,0
Residential,1,ERL,ERLTON,CENTRE,BUILT-OUT,INNER CITY,2019,,1270,733,15,433,314,67,57,20,275,126,51,2,399,110,0,44,0,0,1,0,0,0,0,650,617,22,27,11,18,171,117,104,102,61,17,27,24,11,17,163,108,85,93,63,26,49,51,22,35,334,225,189,195,124,43,0,0,0,0,0,0,0,0,0,0,0
Residential,1,HAR,HARVEST HILLS,NORTH,BUILT-OUT,1980s/1990s,2019,,7420,2705,445,2106,1221,707,265,82,430,2118,129,0,168,252,1,36,0,0,0,1,0,0,0,3699,3688,169,458,270,323,399,468,644,568,269,131,171,415,225,247,394,520,685,538,322,171,340,880,495,570,800,996,1335,1106,591,302,28,0,7,0,0,7,8,6,0,0,0
Industrial,2,AYB,ALYTH/BONNYBROOK,CENTRE,N/A,EMPLOYMENT,2019,,0,11,0,0,0,0,0,0,11,9,0,0,0,0,0,0,0,2,0,0,0,0,0,0,0,0,0,0,0,0,0,0,0,0,0,0,0,0,0,0,0,0,0,0,0,0,0,0,0,0,0,0,0,0,0,0,0,0,0,0,0,0,0,0,0,0
Residential,1,BDO,BONAVISTA DOWNS,SOUTH,BUILT-OUT,1960s/1970s,2019,,928,378,15,292,176,69,29,8,96,368,0,0,0,0,0,10,0,0,0,0,0,0,0,488,437,31,49,22,20,66,100,63,66,46,25,28,45,12,15,61,84,59,75,37,21,59,94,34,35,127,184,122,141,83,46,0,0,0,0,0,0,0,0,0,0,0
Residential,1,MRT,MARTINDALE,NORTHEAST,BUILT-OUT,1980s/1990s,2019,,14245,4270,1098,2679,2176,343,122,82,1547,3553,52,0,0,166,0,499,0,0,0,0,0,0,0,7479,6721,484,1205,482,574,1181,1339,1023,710,395,86,378,895,380,429,1000,1451,962,721,398,107,862,2108,862,1011,2189,2798,1985,1438,793,193,39,0,8,0,8,8,8,0,7,0,0
Residential,1,VIS,VISTA HEIGHTS,NORTHEAST,BUILT-OUT,1960s/1970s,2019,,2370,851,240,382,467,110,42,35,197,380,20,0,41,371,0,36,0,0,0,0,0,3,0,1185,1183,106,235,63,52,140,187,155,151,63,33,103,212,58,62,189,195,122,122,74,46,209,447,121,114,329,382,277,273,137,79,0,0,0,0,0,0,0,0,0,0,0
Industrial,2,SFH,SOUTH FOOTHILLS,SOUTHEAST,N/A,EMPLOYMENT,2019,,0,0,0,0,0,0,0,0,0,0,0,0,0,0,0,0,0,0,0,0,0,0,0,0,0,0,0,0,0,0,0,0,0,0,0,0,0,0,0,0,0,0,0,0,0,0,0,0,0,0,0,0,0,0,0,0,0,0,0,0,0,0,0,0,0,0
Residential,1,DNC,DOWNTOWN COMMERCIAL CORE,CENTRE,BUILT-OUT,CENTRE CITY,2019,,8683,5679,503,342,2037,435,446,152,2608,1,0,1,5645,20,0,0,0,0,0,1,0,11,0,4387,4160,210,173,55,405,1612,821,398,367,230,116,201,191,65,470,1525,650,295,289,232,242,420,376,120,894,3179,1504,693,656,462,358,115,9,12,0,19,42,33,0,0,0,0
Industrial,2,ST3,STONEY 3,NORTHEAST,N/A,EMPLOYMENT,2019,,0,0,0,0,0,0,0,0,0,0,0,0,0,0,0,0,0,0,0,0,0,0,0,0,0,0,0,0,0,0,0,0,0,0,0,0,0,0,0,0,0,0,0,0,0,0,0,0,0,0,0,0,0,0,0,0,0,0,0,0,0,0,0,0,0,0
Residential,1,BRA,BRAESIDE,SOUTH,BUILT-OUT,1960s/1970s,2019,,5805,2562,456,1815,1433,358,171,69,529,1402,76,0,161,905,0,18,0,0,0,0,0,0,0,2842,2943,195,294,139,144,391,497,351,399,274,158,167,308,125,144,400,494,370,431,323,181,362,602,264,288,791,991,721,830,597,339,0,0,0,0,0,0,0,0,0,0,0
Residential,1,MAN,MANCHESTER,CENTRE,BUILT-OUT,EMPLOYMENT,2019,,1025,659,31,29,223,48,63,17,308,28,4,0,615,4,0,5,0,0,1,1,0,1,0,605,420,32,28,13,54,167,127,79,57,30,18,35,30,13,43,126,69,42,30,20,12,67,58,26,97,293,196,121,87,50,30,0,0,0,0,0,0,0,0,0,0,0
Residual Sub Area,4,13E,13E,SOUTH,N/A,UNDEVELOPED,2019,Y,0,0,0,0,0,0,0,0,0,0,0,0,0,0,0,0,0,0,0,0,0,0,0,0,0,0,0,0,0,0,0,0,0,0,0,0,0,0,0,0,0,0,0,0,0,0,0,0,0,0,0,0,0,0,0,0,0,0,0,0,0,0,0,0,0,0
Residential,1,HIW,HIGHWOOD,CENTRE,BUILT-OUT,1950s,2019,,2258,1013,91,552,534,128,56,22,273,747,79,2,19,16,0,150,0,0,0,0,0,0,0,1118,1125,49,140,49,63,170,199,145,164,83,56,63,132,60,66,177,173,141,168,67,78,112,272,109,129,347,372,286,332,150,134,0,0,0,0,0,0,0,0,0,0,0
Residual Sub Area,4,02F,02F,NORTHWEST,N/A,OTHER,2019,Y,0,0,0,0,0,0,0,0,0,0,0,0,0,0,0,0,0,0,0,0,0,0,0,0,0,0,0,0,0,0,0,0,0,0,0,0,0,0,0,0,0,0,0,0,0,0,0,0,0,0,0,0,0,0,0,0,0,0,0,0,0,0,0,0,0,0
Residential,1,DIS,DISCOVERY RIDGE,WEST,BUILT-OUT,2000s,2019,,4280,1669,93,1374,899,206,98,106,360,940,99,0,568,62,0,0,0,0,0,0,0,0,0,2100,2173,49,318,225,143,118,204,450,352,160,81,55,320,193,110,124,256,485,353,185,92,104,638,418,253,242,460,935,705,345,173,0,0,0,0,0,0,0,0,0,0,0
Residential,1,HOU,HOUNSFIELD HEIGHTS/BRIAR HILL,CENTRE,BUILT-OUT,1950s,2019,,2798,1108,82,742,681,117,61,38,210,680,0,0,369,33,0,23,0,0,0,2,0,1,0,1329,1462,53,130,74,83,137,160,169,223,190,110,40,140,66,62,134,168,163,254,237,198,93,270,140,145,271,328,332,477,427,308,0,0,0,0,0,0,0,0,0,0,0
Residential,1,GLA,GLAMORGAN,WEST,BUILT-OUT,1950s,2019,,6522,3134,466,1664,1668,390,270,105,701,1137,73,43,1039,818,0,21,0,0,1,2,0,0,0,3175,3319,195,338,127,207,522,525,400,419,263,179,167,305,136,223,538,504,388,489,306,263,362,643,263,430,1060,1035,788,908,569,442,6,0,0,0,0,0,6,0,0,0,0
Residual Sub Area,4,05E,05E,NORTHEAST,N/A,UNDEVELOPED,2019,Y,0,0,0,0,0,0,0,0,0,0,0,0,0,0,0,0,0,0,0,0,0,0,0,0,0,0,0,0,0,0,0,0,0,0,0,0,0,0,0,0,0,0,0,0,0,0,0,0,0,0,0,0,0,0,0,0,0,0,0,0,0,0,0,0,0,0
Residual Sub Area,4,05D,05D,NORTHEAST,N/A,OTHER,2019,Y,0,0,0,0,0,0,0,0,0,0,0,0,0,0,0,0,0,0,0,0,0,0,0,0,0,0,0,0,0,0,0,0,0,0,0,0,0,0,0,0,0,0,0,0,0,0,0,0,0,0,0,0,0,0,0,0,0,0,0,0,0,0,0,0,0,0
Residual Sub Area,4,10E,10E,NORTHEAST,N/A,OTHER,2019,Y,0,0,0,0,0,0,0,0,0,0,0,0,0,0,0,0,0,0,0,0,0,0,0,0,0,0,0,0,0,0,0,0,0,0,0,0,0,0,0,0,0,0,0,0,0,0,0,0,0,0,0,0,0,0,0,0,0,0,0,0,0,0,0,0,0,0
Residual Sub Area,4,01C,01C,WEST,N/A,OTHER,2019,Y,0,0,0,0,0,0,0,0,0,0,0,0,0,0,0,0,0,0,0,0,0,0,0,0,0,0,0,0,0,0,0,0,0,0,0,0,0,0,0,0,0,0,0,0,0,0,0,0,0,0,0,0,0,0,0,0,0,0,0,0,0,0,0,0,0,0
Residential,1,APP,APPLEWOOD PARK,EAST,BUILT-OUT,2000s,2019,,6981,2415,546,1298,1058,488,225,67,563,1371,20,1,804,132,0,87,0,0,0,0,0,0,0,3540,3419,217,459,251,300,442,585,479,499,213,95,214,390,208,245,451,567,512,489,236,107,431,849,459,545,893,1152,991,996,449,202,8,0,0,0,0,0,0,0,8,0,0
Residential,1,BVD,BELVEDERE,EAST,BUILT-OUT,BUILDING OUT,2019,,41,15,0,0,0,0,0,0,0,15,0,0,0,0,0,0,0,0,0,0,0,0,0,0,0,0,0,0,0,0,0,0,0,0,0,0,0,0,0,0,0,0,0,0,0,0,0,0,0,0,0,0,0,0,0,0,0,0,0,0,0,0,0,0,0,0
Residual Sub Area,4,12J,12J,SOUTHEAST,N/A,UNDEVELOPED,2019,Y,0,0,0,0,0,0,0,0,0,0,0,0,0,0,0,0,0,0,0,0,0,0,0,0,0,0,0,0,0,0,0,0,0,0,0,0,0,0,0,0,0,0,0,0,0,0,0,0,0,0,0,0,0,0,0,0,0,0,0,0,0,0,0,0,0,0
Residential,1,KSH,KEYSTONE HILLS,NORTH,DEVELOPING,BUILDING OUT,2019,,0,0,0,0,0,0,0,0,0,0,0,0,0,0,0,0,0,0,0,0,0,0,0,0,0,0,0,0,0,0,0,0,0,0,0,0,0,0,0,0,0,0,0,0,0,0,0,0,0,0,0,0,0,0,0,0,0,0,0,0,0,0,0,0,0,0
Residential,1,COV,COVENTRY HILLS,NORTH,BUILT-OUT,2000s,2019,,17667,5595,1724,4414,2827,1151,448,133,1034,5098,185,0,0,224,0,88,0,0,0,0,0,0,0,8870,8664,653,1560,696,550,1260,1653,1349,719,331,99,626,1460,553,442,1299,1748,1360,691,357,128,1286,3033,1255,992,2570,3432,2748,1424,695,227,128,7,13,6,0,11,31,39,14,7,0
Industrial,2,ST4,STONEY 4,NORTHEAST,N/A,EMPLOYMENT,2019,,0,4,0,0,0,0,0,0,0,2,0,0,0,0,2,0,0,0,0,0,0,0,0,0,0,0,0,0,0,0,0,0,0,0,0,0,0,0,0,0,0,0,0,0,0,0,0,0,0,0,0,0,0,0,0,0,0,0,0,0,0,0,0,0,0,0
Residual Sub Area,4,03D,03D,NORTH,N/A,UNDEVELOPED,2019,Y,0,0,0,0,0,0,0,0,0,0,0,0,0,0,0,0,0,0,0,0,0,0,0,0,0,0,0,0,0,0,0,0,0,0,0,0,0,0,0,0,0,0,0,0,0,0,0,0,0,0,0,0,0,0,0,0,0,0,0,0,0,0,0,0,0,0
Residential,1,SOC,SOUTH CALGARY,CENTRE,BUILT-OUT,INNER CITY,2019,,4442,2568,381,1048,1247,184,172,79,883,583,321,114,1061,377,0,95,0,14,1,0,1,1,0,2204,2231,158,164,66,98,583,499,296,215,93,32,168,176,55,174,633,453,237,191,100,44,326,340,121,272,1216,952,533,406,193,76,0,0,0,0,0,0,0,0,0,0,0
Major Park,3,GPK,GLENMORE PARK,SOUTH,N/A,PARKS,2019,,0,3,0,0,0,0,0,0,0,3,0,0,0,0,0,0,0,0,0,0,0,0,0,0,0,0,0,0,0,0,0,0,0,0,0,0,0,0,0,0,0,0,0,0,0,0,0,0,0,0,0,0,0,0,0,0,0,0,0,0,0,0,0,0,0,0
Residential,1,BED,BEDDINGTON HEIGHTS,NORTH,BUILT-OUT,1960s/1970s,2019,,11514,4405,944,2961,2461,849,305,115,675,2599,923,7,37,639,0,200,0,0,0,0,0,0,0,5730,5748,357,762,281,360,860,898,716,776,485,235,345,708,255,334,856,901,722,879,522,226,702,1476,536,694,1723,1799,1438,1655,1007,461,13,0,6,0,0,7,0,0,0,0,0
Residential,1,MAF,MAYFAIR,CENTRE,BUILT-OUT,1950s,2019,,432,156,6,141,93,25,8,13,17,156,0,0,0,0,0,0,0,0,0,0,0,0,0,219,213,10,29,22,11,13,19,29,53,22,11,7,30,11,10,11,21,39,45,16,23,17,59,33,21,24,40,68,98,38,34,0,0,0,0,0,0,0,0,0,0,0
Residential,1,CLI,CLIFF BUNGALOW,CENTRE,BUILT-OUT,INNER CITY,2019,,1895,1349,15,273,563,97,137,39,509,162,18,9,946,73,0,139,0,0,0,0,0,2,0,929,942,24,26,17,74,353,198,90,69,58,20,17,29,12,92,405,192,74,56,40,25,41,55,29,166,758,390,164,125,98,45,0,0,0,0,0,0,0,0,0,0,0
Residual Sub Area,4,13G,13G,SOUTH,N/A,UNDEVELOPED,2019,Y,0,0,0,0,0,0,0,0,0,0,0,0,0,0,0,0,0,0,0,0,0,0,0,0,0,0,0,0,0,0,0,0,0,0,0,0,0,0,0,0,0,0,0,0,0,0,0,0,0,0,0,0,0,0,0,0,0,0,0,0,0,0,0,0,0,0
Residential,1,PUM,PUMP HILL,SOUTH,BUILT-OUT,1960s/1970s,2019,,1640,562,30,400,296,137,33,28,68,383,50,0,61,66,0,0,0,0,0,2,0,0,0,747,891,22,83,41,33,46,52,90,94,159,127,20,86,28,22,39,65,95,111,186,239,42,169,69,55,85,117,185,205,345,366,0,0,0,0,0,0,0,0,0,0,0
Residential,1,TUX,TUXEDO PARK,CENTRE,BUILT-OUT,INNER CITY,2019,,5326,2782,427,1081,1304,274,163,67,971,1033,501,35,640,264,0,298,2,7,1,0,0,1,0,2667,2641,185,198,75,147,585,573,356,296,167,85,193,206,77,137,626,513,318,288,138,145,378,404,152,284,1211,1093,674,584,305,230,7,0,0,0,0,0,7,0,0,0,0
Residential,1,CHW,CHARLESWOOD,NORTHWEST,BUILT-OUT,1950s,2019,,3569,1489,173,1089,909,195,68,34,283,1297,34,0,119,0,0,39,0,0,0,0,0,0,0,1862,1694,95,225,85,147,248,263,230,258,185,126,89,187,81,124,166,257,218,248,175,149,184,412,166,271,414,520,448,506,360,275,0,0,0,0,0,0,0,0,0,0,0
Industrial,2,NAW,NORTH AIRWAYS,NORTHEAST,N/A,EMPLOYMENT,2019,,0,3,0,0,0,0,0,0,0,0,0,0,0,0,0,0,0,0,0,0,0,3,0,0,0,0,0,0,0,0,0,0,0,0,0,0,0,0,0,0,0,0,0,0,0,0,0,0,0,0,0,0,0,0,0,0,0,0,0,0,0,0,0,0,0,0
Industrial,2,SKE,SKYLINE EAST,NORTHEAST,N/A,EMPLOYMENT,2019,,0,0,0,0,0,0,0,0,0,0,0,0,0,0,0,0,0,0,0,0,0,0,0,0,0,0,0,0,0,0,0,0,0,0,0,0,0,0,0,0,0,0,0,0,0,0,0,0,0,0,0,0,0,0,0,0,0,0,0,0,0,0,0,0,0,0
Residential,1,COR,CORAL SPRINGS,NORTHEAST,BUILT-OUT,2000s,2019,,5801,1592,328,1300,735,253,157,152,295,1438,1,0,0,36,0,117,0,0,0,0,0,0,0,2959,2831,135,361,208,247,421,385,359,443,266,134,114,324,176,173,386,410,402,440,277,129,249,685,384,420,807,795,761,883,543,263,0,0,0,0,0,0,0,0,0,0,0
Residential,1,MOR,MONTEREY PARK,NORTHEAST,BUILT-OUT,2000s,2019,,10372,3197,682,2484,1538,505,134,83,936,2467,24,0,156,138,301,109,1,0,0,1,0,0,0,5177,5174,306,619,334,365,624,712,682,793,493,249,222,591,341,385,582,736,716,797,520,284,528,1210,675,750,1206,1448,1398,1590,1013,533,0,0,0,0,0,0,0,0,0,0,0
Industrial,2,ABP,AURORA BUSINESS PARK,NORTH,N/A,EMPLOYMENT,2019,,0,0,0,0,0,0,0,0,0,0,0,0,0,0,0,0,0,0,0,0,0,0,0,0,0,0,0,0,0,0,0,0,0,0,0,0,0,0,0,0,0,0,0,0,0,0,0,0,0,0,0,0,0,0,0,0,0,0,0,0,0,0,0,0,0,0
Residential,1,PAN,PANORAMA HILLS,NORTH,DEVELOPING,BUILDING OUT,2019,,25710,8199,2145,6094,4227,1483,614,287,1586,5419,612,95,1169,804,0,100,0,0,0,0,0,0,0,12722,12758,821,2225,931,773,1413,2362,2000,1254,680,263,721,2090,864,721,1597,2588,1963,1176,715,323,1542,4343,1808,1511,3021,5027,4024,2442,1395,586,219,0,28,13,17,11,77,61,12,0,0
Residential,1,ROY,ROYAL OAK,NORTHWEST,BUILT-OUT,2000s,2019,,11706,4082,868,3325,2443,611,293,172,563,2897,118,0,609,450,0,7,1,0,0,0,0,0,0,5698,5990,327,917,399,329,636,966,1002,638,355,129,317,1070,369,285,693,1078,986,664,394,134,644,1987,768,614,1329,2044,1988,1302,749,263,0,0,0,0,0,0,0,0,0,0,0
Residential,1,BEL,BEL-AIRE,CENTRE,BUILT-OUT,1960s/1970s,2019,,390,159,0,134,73,27,0,23,31,159,0,0,0,0,0,0,0,0,0,0,0,0,0,184,197,0,22,17,7,9,15,26,43,29,16,0,29,13,10,9,14,36,48,25,13,0,51,30,17,18,29,62,91,54,29,0,0,0,0,0,0,0,0,0,0,0
Industrial,2,SUN,SUNRIDGE,NORTHEAST,N/A,EMPLOYMENT,2019,,11,8,0,0,0,0,0,0,0,0,0,0,0,0,0,0,0,0,0,0,1,7,0,0,0,0,0,0,0,0,0,0,0,0,0,0,0,0,0,0,0,0,0,0,0,0,0,0,0,0,0,0,0,0,0,0,0,0,0,0,0,0,0,0,0,0
Industrial,2,SGL,STONEGATE LANDING,NORTHEAST,N/A,EMPLOYMENT,2019,,0,0,0,0,0,0,0,0,0,0,0,0,0,0,0,0,0,0,0,0,0,0,0,0,0,0,0,0,0,0,0,0,0,0,0,0,0,0,0,0,0,0,0,0,0,0,0,0,0,0,0,0,0,0,0,0,0,0,0,0,0,0,0,0,0,0
Residential,1,CAP,CAPITOL HILL,CENTRE,BUILT-OUT,1950s,2019,,4744,2440,325,836,1494,169,125,59,592,878,588,18,534,56,0,362,0,1,1,1,1,0,0,2492,2233,146,260,89,237,569,424,270,269,147,81,130,190,69,223,492,389,258,254,134,94,276,450,158,460,1061,813,528,523,281,175,0,0,0,0,0,0,0,0,0,0,0
Residential,1,EVE,EVERGREEN,SOUTH,DEVELOPING,BUILDING OUT,2019,,21500,7256,1697,5824,3597,1538,633,356,1130,5332,337,4,918,641,0,22,0,0,0,2,0,0,0,10530,10909,669,1811,668,639,1155,1669,1702,1234,632,351,594,1644,703,538,1166,1965,1754,1247,824,474,1263,3455,1380,1177,2321,3646,3472,2488,1456,825,44,0,0,9,0,0,12,16,7,0,0
Residential,1,SPH,SPRINGBANK HILL,WEST,DEVELOPING,BUILDING OUT,2019,,9943,3372,735,2828,1789,480,303,340,459,2604,192,0,513,58,0,2,0,0,1,0,0,2,0,4937,4985,292,866,405,293,391,693,977,608,274,138,250,829,388,236,463,807,984,541,337,150,542,1695,793,529,854,1500,1961,1149,611,288,0,0,0,0,0,0,0,0,0,0,0
Residual Sub Area,4,01H,01H,WEST,N/A,UNDEVELOPED,2019,Y,0,0,0,0,0,0,0,0,0,0,0,0,0,0,0,0,0,0,0,0,0,0,0,0,0,0,0,0,0,0,0,0,0,0,0,0,0,0,0,0,0,0,0,0,0,0,0,0,0,0,0,0,0,0,0,0,0,0,0,0,0,0,0,0,0,0
Residential,1,HID,HIDDEN VALLEY,NORTH,BUILT-OUT,1980s/1990s,2019,,11566,3880,762,3357,2247,774,291,125,443,3441,132,0,0,274,0,33,0,0,0,0,0,0,0,5846,5678,295,837,538,416,625,769,1041,810,397,118,277,730,455,346,596,864,1139,763,364,144,572,1573,999,768,1221,1633,2189,1573,761,262,27,0,6,6,6,0,0,9,0,0,0
Residential,1,RIV,RIVERBEND,SOUTHEAST,BUILT-OUT,1980s/1990s,2019,,9244,3474,579,3069,1892,682,330,122,448,3240,47,0,0,150,0,37,0,0,0,0,0,0,0,4657,4576,206,432,258,327,603,654,687,924,420,146,238,382,275,268,550,619,720,931,414,179,444,814,533,595,1153,1273,1407,1855,834,325,0,0,0,0,0,0,0,0,0,0,0
Residential,1,RID,RIDEAU PARK,CENTRE,BUILT-OUT,INNER CITY,2019,,594,342,0,228,174,32,31,15,90,131,0,0,188,23,0,0,0,0,0,0,0,0,0,288,305,15,26,11,6,24,33,37,52,63,21,11,23,12,13,29,34,42,51,67,23,26,49,23,19,53,67,79,103,130,44,0,0,0,0,0,0,0,0,0,0,0
Industrial,2,FRA,FRANKLIN,NORTHEAST,N/A,EMPLOYMENT,2019,,0,3,0,0,0,0,0,0,0,0,0,0,0,0,0,0,0,0,2,0,0,1,0,0,0,0,0,0,0,0,0,0,0,0,0,0,0,0,0,0,0,0,0,0,0,0,0,0,0,0,0,0,0,0,0,0,0,0,0,0,0,0,0,0,0,0
